icd1,sales,profit,profits,profitpure,equity,assets
2,12764,546,614,516,8864,12259
2,1261,80,81,52,2811,3120
2,3340,313,381,301,2097,3002
2,3505,1628,1527,1491,11047,41775
2,5852,2736,2772,786,17603,34489
2,4100,3879,3886,3875,42401,42424
2,858,194,159,271,4122,7758
2,1793400000,6657,6822,3263,15245,79696
2,46006,1342,1306,845,16991,52944
2,21366,1909,1909,1275,6843,15379
2,19015,1877,1874,1275,5830,11221
2,654,53,31,21,3196,5062
2,17806,-9077,-9235,-14243,8526,12719
2,5021,-197,-205,-398,4266,7219
2,139,104,104,76,6944,6949
2,42,-15,-21,-22,2123,2253
2,1507,79,86,60,293,572
2,6234,781,801,526,3581,4495
2,617,272,232,205,3340,5100
2,24382,-251,-275,-284,6161,7172
2,200,-230,2574,2592,7573,8037
2,10051500000,6717,6831,5476,94650,14693300000
2,27568,51,759,721,22415,31861
2,13613700000,12821,39457,32214,238162000000,316575000000
2,10718300000,4616,19664,13465,235815000000,315293000000
2,18002400000,9440,21536,23765,39122500000,46765600000
2,70,-218,-250,-119,450,512
2,12692,566,593,457,11357,20295
2,10851,1427,1482,1032,9312,10977
2,5598,774,780,561,3654,5715
2,16339,1160,1183,998,10155,15755
2,33269900000,22565,21724,8477,12679800000,33313200000
2,30994600000,19798,20084,14025,83496,24485300000
2,10473,9210,9247,9179,13442500000,15910300000
2,19073200000,3447,4934,2770,47081,17090300000
2,28308,3174,3233,2232,21538,33920
2,9674,622,693,745,2501,8012
2,676,129,119,-87,4633,11273
2,29396,442,498,114,5540,17715
2,4282,40,49,30,1337,3721
2,13264,314,356,156,6204,9402
2,30896,1802,1845,1252,12097,19127
2,7078,133,210,150,2642,5189
2,23797,1458,1265,865,4266,22349
2,240,43,-787,-1002,1389,2282
2,10750,434,491,351,6831,9086
2,19702,1109,1050,697,3953,13085
2,17645100000,9396,12130,8973,70271,16209600000
2,14740,822,916,632,6254,10980
2,16320,927,1452,1118,9005,17000
2,75510,4136,4345,2859,20485,49672
2,33292,1476,1495,1026,10598,25863
2,24124,1580,1604,1101,8175,18653
2,28387,1752,2000,1233,13434,21937
2,10269,791,1092,833,6588,11137
2,10976,599,638,437,7142,10762
2,5500,97,126,55,2680,4049
2,83873,5434,5626,3951,64374,94991
2,35782,1264,1290,821,8943,25454
2,49839,5067,5334,3630,59784,69085
2,132843000000,13376900000,13781700000,96102,60152300000,161308000000
2,139829000000,12326600000,13571400000,98435,63724800000,170093000000
2,140673000000,11356700000,12174200000,92733,6279100000,159748000000
2,12312700000,6741,6162,4481,35642,10550900000
2,37548,1668,1683,1088,14201,29607
2,65233100000,81491,83059,57572,30308100000,59905300000
2,90128,4415,4767,3445,37787,69164
2,12792100000,5826,6914,4312,66934,15899700000
2,128037000000,12029100000,13250400000,97078,54542100000,154698000000
2,61789,2840,3021,2139,24971,51262
2,62680,3851,3842,2751,15730,42219
2,17122100000,7107,6471,5430,60056,18592300000
2,33685300000,24537,25643,18625,19284400000,45221300000
2,35007600000,23650,23564,16766,73954,27472100000
2,11012200000,6687,6925,4747,49339,11498900000
2,40127300000,29820,32168,20424,19007200000,45573300000
2,23614,314,457,401,11513,21712
2,86157,4724,4868,3161,21751,62826
2,35671,2371,2520,1600,14009,27681
2,50698,1034,1330,938,21082,36136
2,21551700000,12928,14534,11889,16297200000,28862900000
2,12646400000,10989,11299,7972,75930,12732200000
2,11120,1677,1677,803,10697,14367
2,93824,4618,4590,3157,19797,58669
2,26596,878,856,579,7674,21324
2,42118,2473,2586,-1195,9467,36103
2,1346100000,5704,5656,4217,37238,96575
2,34201,3149,3147,2181,11912,26487
2,46808400000,32215,35029,24405,2521700000,6269200000
2,3070900000,21075,21782,14156,10997300000,2949500000
2,88866,3661,5231,3883,51784,75905
2,74457,4430,4607,2726,30169,51889
2,40176,1486,1588,1025,17609,40591
2,94323,5538,5807,4017,48860,88523
2,77737,5266,6126,4336,42668,94989
2,97811,7105,7464,7249,31828,80775
2,61405900000,61468,11061200000,88932,15363600000,58381900000
2,88633,13305,14064,9743,60160,96247
2,22473700000,21838,26212,19679,27824300000,3974500000
2,74521,1588,1698,-1354,30451,75613
2,21134700000,17102,16698,11066,20325900000,28200600000
2,12377900000,5542,5878,3178,70833,13582200000
2,16729100000,2935,2944,2476,60956,19107200000
2,10957400000,13406,13380,9694,60847,11464100000
2,14875900000,7038,7146,4879,48950,12927800000
2,31587,1090,1326,910,5905,24915
2,51219200000,25867,23441,16701,11312100000,36960900000
2,69958,4901,5034,3117,30312,69422
2,44444,1545,1751,-85,22112,42333
2,20285,842,901,596,11015,15991
2,33343,1604,1716,1161,10323,24727
2,72098900000,3713,19262,20531,26027300000,67306300000
2,22184,883,1144,250,23670,31318
2,32584,2906,3142,2913,30406,53209
2,192552000000,24062800000,26845700000,18252800000,125385000000,285664000000
2,87400,8701,9111,5850,54748,83401
2,117252000000,90922,11726400000,79710,85949900000,159427000000
2,62334,3841,3869,2627,24648,48605
2,43628,3960,4087,2728,33192,49743
2,19360100000,7627,8501,5649,10110100000,17019100000
2,51002,3634,3737,2483,38015,63589
2,73042,1740,2481,1589,43126,71306
2,49312800000,24146,25170,17084,21436300000,39581600000
2,45676200000,33520,37926,26250,42285600000,57949900000
2,67659,4535,4782,3271,58495,82772
2,19686600000,9373,8563,5796,88088,23807300000
2,35616,2504,2607,1845,16192,28462
2,10782900000,7505,8697,3877,58648,10546900000
2,14303600000,10662,11699,8038,12704500000,20422500000
2,2790600000,18119,26365,19897,1979900000,30789700000
2,1060600000,2468,3527,2864,40145,93906
2,35200700000,31912,34783,23296,16292400000,32531600000
2,29869,607,1130,759,28412,39087
2,19218300000,8060,9408,8079,81638,18411800000
2,43432300000,19546,36841,25416,32223500000,56730600000
2,32822,566,935,643,20181,40383
2,61759,4123,4522,2848,33148,56794
2,43656,2000,2058,1382,10298,28255
2,40569,2500,2711,1995,24186,33694
2,96813,3150,3662,2782,62070,10414700000
2,24512600000,14225,15850,11366,10937500000,24069400000
2,36107,2880,2874,1943,18014,33134
2,87607,3223,3943,2908,29878,79709
2,37965,5593,5939,4012,37680,47988
2,12518100000,8534,12345,7269,90684,15068500000
2,15384900000,7601,7995,5426,65775,11940400000
2,34374,987,1103,738,14709,25318
2,61016,1696,2190,1864,44259,62825
2,21730600000,20021,22280,13430,15227300000,25844600000
2,16708,2539,2604,1242,9013,14496
2,507,257,254,149,1642,4097
2,37656,2727,3334,2385,30502,42352
2,16371500000,7184,7789,6232,67834,1338300000
2,20066,1169,1391,998,32401,39833
2,14558300000,4626,4946,3505,46965,73387
2,40574,445,569,453,17482,28348
2,10524,866,905,631,8041,9873
2,55062,1120,1493,962,62803,92932
2,61168,2837,10127,7326,73167,95561
2,19213,906,952,749,8366,23361
2,12883,1289,1519,-460,14942,18725
2,43446,2799,3007,2203,50593,60224
3,14142700000,42781,43219,26319,17878800000,19021300000
3,28342,12658,12618,8978,26991,35335
3,654,121,125,-269,2342,2466
3,5354,504,501,339,2515,4611
3,3387,365,384,238,3817,7773
3,7133,67,73,265,2231,4096
3,8395,4020,3987,3321,5737,14569
3,4558,792,798,303,5276,6023
3,3268,628,615,470,2172,3084
3,15630,427,751,426,20183,55792
3,6801,1255,1276,818,7125,10284
3,811,514,517,513,21453,21487
3,30005,4016,3930,2838,13944,23062
3,7083,92,109,46,1775,4183
3,4768,567,581,127,7396,15156
3,9378,-189,743,709,1853,3787
3,990,449,432,409,1117,11721
3,6331,785,794,540,2333,3264
3,3253,38,42,19,468,1360
3,8751,-1809,-2139,681,19292,59306
3,2882,285,1022,889,6751,7844
3,8394,977,797,625,5171,26866
3,1791,28,33,22,476,839
3,5120,2575,2559,1858,19081,19866
3,2585,93,60,56,761,3242
3,29292,1009,923,-1687,6765,12540
3,11606,455,633,392,2523,8234
3,6591,455,466,234,1948,3753
3,22844,13163,11615,12306,10285300000,23833700000
3,7686,1611,1708,1135,5984,12469
3,6891,522,536,355,2962,3596
3,167,-765,-825,-1082,592,1064
3,11363,1762,1822,-57,25474,26685
3,520,53,42,28,391,2187
3,25936,1875,1816,881,6991,21384
2,18306100000,17441,18398,11624,87040,1647700000
2,38744,109,264,769,27308,46275
2,26024200000,11863,16560,13036,1969400000,30250100000
2,20538300000,11499,13701,9512,19376100000,29452300000
2,17616,77,537,425,42822,69088
2,1135400000,3803,4129,2863,46669,78586
2,3824,1371,1456,1603,14490,24412
2,81428,490,700,617,40002,56109
2,75373300000,17977,21805,13013,30416700000,54342500000
2,23436,-730,-398,-414,8141,17387
2,29547,2189,2220,1399,16070,23618
2,74509,4040,4667,2187,37088,61099
2,21574,-94,1815,1269,55605,75424
2,2860,2241,2377,2108,6810,9379
2,31589,934,967,671,12874,22480
2,19409600000,24708,25831,15825,14569200000,1864600000
2,43036300000,13298,17011,9943,11716500000,37096100000
2,53947,2234,2181,980,27204,57523
2,1794300000,1632,17323,14342,16433600000,33661600000
2,19317,515,777,439,9558,18259
2,21581,19300,19876,19826,26586200000,38565200000
2,29703300000,8543,9551,7073,63065,13350300000
2,79335700000,6215,21617,13783,21072700000,48685900000
2,16474600000,-1622,399,459,66798,10560900000
2,25737,-150,-97,-626,5627,17439
2,29475,95,136,80,3543,13423
2,44342,2338,2412,1630,14530,18948
2,9059,5608,5690,5489,18080500000,20359700000
3,6679,221,332,120,3631,4960
3,38152,3179,3186,1557,15438,24904
3,4149,543,545,379,2976,3419
3,13678,2198,2245,1537,18985,23177
3,23593800000,16357,24326,19374,19275800000,28181100000
3,1955,78,76,58,1145,1473
3,15919,12740,12070,8256,83181,13385600000
3,4362,514,546,349,4283,4981
3,455,-42,-31,38,4540,4854
3,8926,1736,1970,1322,17590,24483
3,8461,1517,2289,1764,5518,13151
3,49474,23293,23261,16087,39816,47440
3,1765,716,723,693,6073,8953
3,2776,884,846,484,8729,11585
3,8293,444,497,252,6857,10410
3,45865,3850,3629,2460,15383,36568
3,42167,12828,12859,9112,25899,33704
3,5877,2672,2252,2241,13364,98828
3,302,75,73,111,4016,4044
3,3026,707,722,491,4459,5389
3,360,-99,-103,-104,769,864
3,78344,3669,3383,2258,23017,68865
3,17396,-248,-260,-384,1767,12957
3,2029,106,110,44,1966,3636
3,2149,-213,-198,-311,5816,6664
3,24512,7297,7337,4957,19783,33178
3,3660,687,718,508,6397,25474
3,3530,-178,-131,-194,3344,4020
3,44719,-390,4497,3975,57100,11653700000
3,10032,503,530,374,7443,18960
3,1652,37,4049,3986,16211,41429
3,77637,3992,6697,9853,18830800000,2084400000
3,33010,18213,19374,17396,25238200000,45929400000
3,6295,868,873,598,5431,6271
3,32692,1068,1123,448,18047,23111
3,33946,1850,2120,1004,13754,47742
3,3743,364,532,406,3966,4652
3,2658,71,26,-50,2884,3736
3,1553,-27,-3,-4,697,1171
3,31813,3663,3732,1786,20869,26438
3,1212,629,689,608,4581,8367
3,3074,209,215,81,4104,5977
3,1532,-39,-150,-297,2669,4016
3,18198,617,1306,1016,8342,24956
3,2470,1883,1906,1430,9622,10226
3,1358,883,883,580,3336,3629
3,927,335,353,234,1979,2378
3,3121,323,350,236,3495,3998
3,7312,719,746,525,3967,5291
3,9761,317,348,457,4591,5974
3,5472,238,247,154,1845,3108
3,37028,762,941,586,10634,15916
3,25253,5172,5195,3552,11437,17621
3,8536,2474,2457,1691,11159,12975
3,22332,12592,12594,7966,41591,56825
3,4840,438,426,258,2708,3377
2,16644,8766,8128,4390,17167700000,40881700000
2,20089500000,16629400000,16256200000,15995700000,89664600000,190111000000
2,2547,905,853,979,16305,33207
2,10523,558,876,686,40622,46347
2,51143,1143,1648,1270,39154,48309
2,26517,21730,20273,20702,33113900000,54968300000
2,1221,-751,-779,-795,-771,1006
2,9239,6659,6829,5768,86306,11844200000
2,39449500000,15851,18600,13282,1428300000,27042700000
2,55275,587,827,99,32137,43575
2,10594,-34,-24,-175,7971,14115
2,16453,746,725,-282,8114,20037
2,21576500000,7410,8292,5704,11165800000,21120900000
2,11423,-298,-276,-338,2959,7183
2,30688,4010,4220,2762,26381,35108
2,17698300000,4891,5485,4757,82193,14274600000
3,22435400000,50,259,165,14045,10292600000
3,10326500000,843,899,161,4368,20465
3,18215800000,12446,13197,9458,1174400000,14421200000
3,24676800000,4537,5606,2530,93742,17871200000
3,7791,113,47,69,2957,8180
3,82432,585,680,-843,23238,31386
3,19134700000,38380,40162,27178,22768100000,25682100000
3,458,18,0,-3,858,2265
3,15465,1032,1177,586,13103,15349
3,1641,295,302,252,4474,11349
3,14745,834,951,457,14105,17924
3,34061500000,4202,4696,491,49026,15450600000
3,8086,1217,1984,1298,27415,69001
3,12113,85,82,69,308,1977
3,19542700000,7442,7280,2078,46968,80490
3,92868,288,327,-1694,23204,57840
3,4060,-100,-101,3794,5472,11160
3,1601,449,447,259,3984,8054
3,9821,327,381,324,5838,10078
3,3281,920,1107,-632,8546,23787
3,11184100000,29,232,316,9072,29041
3,1674,378,457,401,4087,5580
3,5975,809,834,550,9302,10282
3,57179,-127,145,99,4308,18850
3,39757,390,582,448,7807,20481
3,13747400000,2969,3663,2573,34240,73012
3,47,-81,-81,-109,34,147
3,13252,424,466,282,2430,6199
3,16074400000,2245,2812,1898,16532,45039
3,65174600000,16767,18244,16039,17604800000,34876600000
3,60994500000,6728,7266,5473,70735,18978700000
3,11726100000,1791,1527,1046,25827,64467
3,12732300000,4916,4937,3161,31677,63834
3,273,8,2,12,3265,3424
3,41132,414,438,108,4800,18964
3,1896,616,664,488,4902,19923
3,38137,414,480,347,5451,18576
3,35911,1508,1570,517,9731,25590
3,10881200000,2139,2284,2651,22932,68438
3,10011,2960,2988,2731,9043,18864
3,10909,747,667,79,9880,22095
3,2516000000,-8006,34633,36883,40707300000,154597000000
3,864,-318,-360,-378,245,932
3,44391,1517,1524,974,18331,26415
3,17048200000,16790,16857,11517,67136,91697
3,21962,20056,20229,20177,23614900000,24828700000
3,9722,33,77,44,4851,8939
3,7607,49,69,-74,2969,6017
3,22324600000,6997,7525,4518,1385400000,22250100000
3,16378700000,4244,3088,318,33915,67342
3,33796,4054,4174,3277,32812,41876
3,5926,437,585,387,5609,7728
2,24031,8159,9281,9612,88943,21355600000
2,26137200000,-6537,36631,23849,32822100000,97888200000
2,11705,334,944,722,19127,23621
2,12543100000,7088,7108,4054,40038,92076
2,21269,1161,1277,1025,19234,22710
2,20493,9196,10243,12569,17650400000,21338200000
2,14203200000,10906,11431,5645,94764,14769500000
2,11223,896,914,545,19624,22413
2,6850,1043,1123,727,16072,18051
2,39177,8275,9027,18438,86837,10225500000
2,20572,506,523,326,7936,13669
2,9436,559,525,415,5212,8651
2,42853,2030,2180,1453,21450,32954
2,10881,941,976,684,6199,12805
2,4047,46,75,64,1117,2198
2,25238400000,9974,14798,11239,16701200000,24343100000
2,17558,780,794,499,4878,10870
2,52813,882,981,660,12468,38571
2,27264,814,798,259,7119,17869
2,27235,1066,1083,735,7626,12262
3,463,10,18,15,2259,9552
2,46959,27,397,283,18586,34321
2,9646,23,13,-14,3766,8347
2,44348,11550,12969,1311,2345500000,36075100000
2,370,-70,-79,-101,372,540
2,34725,1582,1713,942,9061,21441
2,43985,867,1132,874,11860,24235
2,50827,2453,2495,1766,28577,34703
2,8420,295,346,225,6632,9877
2,60321,3107,3520,2907,30932,56280
2,18448,730,804,568,8638,17127
2,2094,1137,1245,484,38593,40933
2,8251,452,475,336,7775,9702
2,44204,967,1331,1000,17557,35336
2,34565,1120,1269,851,12970,28793
2,12527,757,804,538,5202,9965
2,28187,1177,1248,693,11412,19946
2,13377,899,839,579,9063,15334
2,8078,527,568,424,4204,8630
2,8312,1861,1861,1293,2942,4240
3,4167,528,528,333,1870,2265
3,4601,296,278,176,1089,4926
3,1515,19,7,10,1475,1869
2,15403,1854,2289,1781,25098,67384
2,10974900000,2355,4841,3783,10762200000,14587200000
3,32736200000,86725,84505,57788,43215500000,169772000000
3,32109,199,598,-716,2952,24971
3,406,109,100,-4,2346,5523
3,3794,278,313,222,2011,3480
3,19887,1445,1514,1020,12710,20241
3,30972,298,435,212,3793,13551
3,22479300000,665,2038,-1450,96776,19255500000
3,11550,790,796,531,4218,5903
3,3699,-90,-61,-46,272,2401
3,8059,196,243,169,2546,4565
3,12331200000,782,3277,2973,13507,70440
3,2769,-28,25,0,504,1365
3,3927,-13,10,72,630,3007
3,51607800000,9941,12185,7300,10528800000,27829400000
3,24239,538,495,269,2842,6368
3,8561,457,484,236,637,2577
3,2389,55,42,17,4943,10489
3,16859,809,817,558,6396,16827
3,12654300000,16430,16444,11309,39000,60605
3,13176,163,220,71,4117,6492
3,1679,140,147,61,1035,4415
3,4180,313,71,-844,11359,23807
3,5281,-158,-179,-830,598,3649
3,18378,-140,-152,-221,1385,4317
3,2970,1002,1057,1024,2534,13187
3,19316,937,982,505,6658,9970
3,3855,3263,3353,784,25943,28563
3,6660,304,309,249,2433,3653
3,40380,1237,1331,974,7461,18638
3,23379,660,704,436,3735,7764
3,5297,219,219,42,1851,1923
3,3811,20,11,-21,1449,2145
3,15935,1403,1474,999,14894,19911
3,18770,13926,13987,13897,31032900000,41592700000
3,2188,1403,1642,1462,65014,65294
3,22324,2395,2458,1544,17976,21041
3,10352300000,24110,24265,13830,18431,73452
3,14835,807,851,499,4144,7812
3,75875,-592,-480,-1197,5068,25727
3,52488,845,959,418,6307,17135
3,55871,3689,4472,2990,17506,32137
3,14542,5195,4559,-8697,45258300000,71865400000
2,19932200000,15036,11888,-1625,15625600000,40068400000
2,80322,6915,6350,4196,39406,17723100000
2,4187,1316,1542,1374,23948,31145
2,13413,1705,17188,-3982,13517900000,29820500000
2,82896,2685,3686,2642,76870,12418300000
3,7566,6183,6269,5672,53244,11029200000
2,26958,1941,1596,-1086,29094,78645
2,49870,1745,4887,5565,68602,11169400000
2,9406,225,133,-544,6047,27123
3,2174,-863,-757,-1071,7879,8109
3,1292,96,-1,295,3656,11172
2,7320,-178,-149,-173,11364,22311
2,3719,7,16,11,2800,4740
3,44530,569,254,167,4960,20342
3,4548,3945,4078,4005,81979,10837400000
3,4861,-248,-250,-500,180,2150
3,8836,661,673,424,3105,4544
3,3605,96,63,1,282,2530
3,3394,713,699,441,2734,4279
3,3123,341,348,187,1306,4053
3,7478,5590,5641,5331,76159,92337
3,30644,548,549,380,2635,11041
3,6140,5641,5644,5218,38738,38879
3,1033,397,404,387,1757,2456
3,2424,1520,1534,1483,44334,86395
3,46108,1313,1650,1360,16873,45225
3,1981,276,572,-613,6769,18114
3,11985700000,344,2036,1429,26420,72486
3,1349,350,357,286,5083,5378
3,697,198,205,227,24112,70283
3,60840,602,698,416,4703,17907
3,7413,215,248,159,4921,6973
3,1322,806,791,789,6742,12334
3,10420,5287,5295,5325,39985,97232
3,50670,-263,-313,-250,7297,17357
3,10186,396,425,349,1263,4162
3,17749900000,2408,2431,1070,14483,37300
3,4882,195,215,111,4517,5678
3,19996,826,931,560,4474,13090
3,20760,544,521,269,2576,10719
3,18843,-88,119,-2499,827,7503
3,8425,369,410,127,1896,4391
3,43980,2424,2469,1161,17279,27830
3,34608,1444,1433,982,4909,9871
3,4739,34,49,12,1838,3140
3,53065,1802,1896,2236,12606,22604
3,3174,2313,2314,2253,16799,17037
3,513,132,166,157,2718,6640
3,11910400000,7775,9140,4540,95643,15097500000
3,2667,7,5,0,2797,3657
3,2667,7,5,0,2797,3657
3,26224,1597,1537,693,7726,17297
3,5129,1945,3448,2517,14899,20043
3,3732,1412,1439,1400,9239,26539
2,3445,305,204,270,4255,20347
2,3293,-32,108,95,9301,24394
3,17934,2083,2401,1538,6773,10633
3,3567,2216,2210,2205,12620800000,1299500000
3,4377,-12,-16,21,227,1390
3,2965,2029,2029,1960,20669,21623
3,18002,1378,862,730,3593,22447
3,385,-327,-116,-150,2737,6619
3,26962,1110,916,697,5202,21885
3,2038,102,274,198,1251,6183
3,19608,2126,1894,1297,8212,30244
3,35868,4481,4055,2711,17054,88762
3,1458400000,19993,19853,14085,81593,27858100000
3,5605,2745,3178,3351,75219,44788600000
3,1460,154,87,30,1105,9456
3,2477,349,343,226,1781,4255
3,11600,1143,1349,891,6034,9408
3,41506,1761,1779,1225,4653,9276
3,2439,801,843,-1855,36468,54836
3,711,292,304,282,1315,3701
3,26717,17445,17119,16525,29589500000,130021000000
3,13138,1499,1448,969,14364,29280
3,18180,904,717,489,6775,17879
3,7128,588,589,412,2969,4513
3,39419,2957,2300,1583,22068,66961
3,17003,380,277,122,1489,8111
2,26233,4526,5165,3609,49193,64567
3,2438,34,24,1,717,2037
2,11159600000,5736,5159,2849,45579,11551100000
3,7928,546,553,383,3022,5209
3,7321,295,327,275,1894,3344
3,25759,1431,1206,651,6793,15064
3,57667,197,408,417,11635,26074
3,26843,760,850,553,6699,12203
3,6051,-200,195,193,1711,6120
3,11305,487,542,279,5271,7262
3,57460,3915,4027,2360,26134,36781
3,20362300000,3450,4266,2417,30986,13527100000
3,56323,336,320,-4714,5451,24901
3,6621,126,53,-433,3683,5388
3,61113600000,24736,27262,19165,12602100000,2731300000
3,553,-451,-472,-537,10911,13214
3,8780,435,476,338,4974,6801
3,22084,678,696,684,8055,17046
3,1353,687,679,572,4630,10236
3,2964,88,146,162,1388,3153
3,1601,-71,-144,-76,1494,3389
3,7046,5884,5856,5745,45232,81156
3,23804,1247,1516,992,14502,23656
3,4276,-77,-93,-142,37,3285
3,1761,171,117,32,1091,4241
3,23315,442,484,311,4791,11142
3,8053,182,190,119,1854,4854
3,6147,342,581,373,5831,7215
3,12007200000,95209,94571,90098,14762000000,181736000000
3,91717,3868,4223,2936,19453,40940
3,5633,1544,2283,5991,13414,47171
3,74885,3904,4246,2919,19400,39754
3,1128,-118,-95,-1065,358,1850
3,654,165,176,144,4029,4117
3,1594,537,548,472,3935,6127
3,8934,4398,4498,2272,30610,32358
3,28871,533,724,697,16835,30669
3,12827,406,437,32,1492,5582
2,13349300000,9239,44208,31994,24924900000,56345500000
2,62180800000,17918,69326,64340,65833600000,156492000000
2,23631500000,32180,32719,24007,38765300000,78992300000
2,66583900000,51072,10667900000,89279,77822300000,175914000000
2,454,-9,-3,-7,558,1353
3,13953,1405,1410,966,5100,8564
3,2584,232,233,169,1060,2218
3,10856,508,485,320,2870,8517
2,23446,2078,2177,1475,13454,22566
2,27543,1607,1959,973,37393,50066
2,16114,1397,1782,1542,4395,21849
2,7892,234,390,315,6070,13934
2,5198,360,379,161,3749,5225
2,10589,664,687,434,8910,11971
2,469,338,339,337,9506,9524
2,33021,6049,6724,4895,34907,50691
2,17948,513,2344,2155,19030,36531
2,25124400000,23691,46118,41962,25669600000,50898300000
2,10433,730,746,518,4873,8701
2,8579,1359,1517,1073,8720,12059
2,141,2,2,0,981,1194
2,1860,858,839,1004,23616,25022
2,5309,241,327,906,8639,11892
2,9447,1989,2122,1458,18259,21928
2,10307,1164,1718,1281,14133,21100
3,20516,3097,2832,2000,7679,31875
3,28714,2593,2477,1637,10324,27642
3,20477,1685,1317,595,16768,50700
3,21534,1730,1385,872,5164,22834
3,74048,4226,4257,2954,14996,56007
3,15713,559,363,245,2599,14378
3,3087,137,144,87,1699,3473
3,7977,243,217,136,2372,4813
3,33036,4349,4253,2170,10471,47291
3,14747,3288,2874,1989,7645,37986
3,8229,733,714,509,2106,8587
3,22671,1377,1179,753,3540,15526
3,14164,1012,817,638,3826,13933
3,5296,293,247,198,1483,6419
3,5335,689,636,432,1553,6389
2,37269,133,1411,1017,24961,67171
2,10646,540,690,505,15667,20506
2,11046,176,474,337,17303,24223
2,7964,-251,-153,-637,8436,11858
3,634,12,4,12,3577,4869
2,38915,-80,607,253,12537,36219
3,3985,-751,-1522,-8190,16018,21221
2,20977,-1013,-743,-3440,42992,49584
3,19293,263,431,302,7989,16599
3,730,200,220,149,1373,6227
3,65109,2545,2865,1838,19741,29521
3,13322,-296,-256,-240,3574,6037
3,2349,1863,2007,1393,33628,35418
3,4214,742,745,531,1888,2578
2,27842,502,1003,745,19288,49691
2,31066,1878,2267,1710,27748,44335
3,7294,209,171,66,1604,5360
3,6139,-902,-792,-399,3163,5319
3,2106,297,300,236,1027,1378
3,5465,640,638,441,3614,5063
3,2503,456,472,-69,3611,8035
3,8159,312,306,206,1806,3860
3,18092600000,10817,10112,18442,62864,17833300000
3,5456,376,381,265,1412,2218
3,4714,361,363,241,2041,3140
2,6751,450,577,444,11984,13837
2,7983,262,415,373,7897,13184
2,2299,-319,-218,481,992,2736
2,5237,330,336,250,4215,7938
2,15715,11792,11255,5968,13481300000,15455400000
2,36298,3443,3688,5472,84522,97843
2,17982,2532,2703,1845,29923,37108
2,13731,-420,-304,-358,6785,13569
2,3484,-100,-9,-181,7792,8887
2,23530,148,194,170,3851,13098
2,45322,-3131,-2012,-3947,20140,35939
2,35360,-8309,-7809,-6736,13519,29736
2,1069,115,149,96,5505,6852
2,34585,1934,2440,1465,17059,26310
3,3333,344,325,-2460,4110,4929
2,23946,1272,2242,1940,59108,75402
2,30991,14898,14154,10678,36971800000,105311000000
2,61044100000,-8420,-1763,-63246,28737100000,109534000000
2,11506400000,-1150,-347,1289,53885,185400000
2,17781100000,-2091,2923,-5810,12984100000,2791100000
2,90728,-804,-500,172,42400,11662900000
2,4106700000,3913,2515,-6883,1384900000,65248900000
2,13273,1261,1279,1544,14073,21116
2,10030,752,804,533,8309,12776
2,11872,555,648,468,7888,15011
2,12935,47,282,171,4229,12794
2,32398900000,8783,12569,8396,15056900000,49169800000
2,16915,646,897,599,12581,18538
2,10732,524,597,420,8021,16156
2,12949,386,545,398,7641,16033
2,30388,-389,-283,-996,2895,15682
2,78057,1473,2318,1586,48824,10157600000
2,36864,-94,163,58,33557,56164
2,7410,416,424,295,7011,9574
2,10326,653,866,620,10486,12357
2,16280,793,1005,705,12802,21532
2,4328,97,103,89,1719,3472
3,1611,24,25,11,1460,2124
2,53086200000,39889,68948,46811,34155900000,79158100000
2,72361900000,10724,73676,66965,35030100000,149644000000
2,83589,9516,13277,13451,13363400000,19423700000
2,24212,1183,1646,1248,21922,35802
2,22201,948,918,661,7159,19611
2,35634,5293,5797,4006,43164,58814
2,82191,8639,9115,7744,64470,1473800000
2,84252,2610,5313,3987,12083400000,17386700000
2,59987500000,75521,86608,64009,43370600000,60473500000
2,19523300000,27614,25009,28955,11188400000,29070100000
2,97151,6608,9697,6830,15403600000,26403500000
2,97882,10993,13860,10731,15874600000,22140800000
2,71537,8568,8949,6112,58746,10109400000
2,50632,8899,8971,6226,38421,69360
2,24373500000,19245,23904,19269,17629700000,37175100000
2,12730400000,3093,9280,11155,196100000,3185200000
2,82251500000,13001100000,13474300000,97403,79791200000,110975000000
2,24275,87,1804,1035,20714,47165
2,32632,-494,-521,-524,14662,26021
2,27673,4146,4389,3083,27640,45594
2,17738300000,1136,15786,12928,17076400000,42493600000
2,21462800000,16656,20385,17952,26460100000,114749000000
2,30746,2593,2587,1860,31717,61021
2,18772,486,913,723,6740,15747
2,51381,5166,9305,8933,82678,11552400000
2,67086,2805,4047,2358,47438,73162
2,8213,563,541,560,5886,13378
2,23841,-19,217,-351,15289,41533
2,15593,2368,2359,1523,24613,29803
2,27964,2997,3541,2295,24731,39638
2,23808,2517,2590,1839,11355,22754
2,23222200000,17356,26216,20371,26371800000,35274200000
2,17221,1687,2306,1895,16525,24427
2,12603700000,3128,4014,2000,58577,13566500000
2,30495100000,14264,18642,17436,24818400000,4438100000
2,27635,315,562,393,10807,24398
2,5503,204,220,230,5777,9689
2,24627400000,50029,73363,91473,5490200000,61830600000
2,37512900000,23122,41329,34690,29119800000,45742700000
2,75473400000,17580,44993,47967,37919500000,112758000000
2,24537200000,20848,33029,26132,31807100000,43505300000
2,63494,3310,5252,3969,12549500000,15109700000
2,87206,8952,9343,6709,38152,96577
2,23334500000,12496,24851,18065,27341900000,44319100000
2,90971,4161,4764,3550,12956600000,20472500000
2,35999300000,20901,42395,38454,30702100000,59343500000
2,22384800000,21973,27573,10270,19277100000,3502300000
2,10905300000,13798,16002,11801,11342100000,14407600000
2,31246400000,10878,20243,15871,17579500000,4668800000
2,46639,7253,8411,5942,85234,11659100000
2,72903,4721,5863,4403,63283,10496900000
2,32138,2274,2644,2079,36850,48634
2,36431900000,17495,32790,22316,29405600000,40515900000
2,45785,2739,3133,2776,28765,48403
2,42769,1815,3614,3054,45051,63113
2,58207,1875,2484,1827,39761,82010
2,11092,-400,-533,-1170,76,10161
2,18048,1521,1785,1297,15073,21183
2,75860,3272,4089,3213,60081,12671700000
2,22948,1337,1659,1013,38880,47405
2,22748,1290,1949,1327,24195,32528
2,27333,370,838,425,19278,32073
2,299,-231,-159,-117,6340,16231
2,11062,357,390,107,7167,12348
2,8248,1206,1348,1008,16660,21302
2,15498,795,1828,1555,29122,32612
2,25785,-115,601,308,4900,24836
2,28354,795,894,648,6888,24432
2,14975500000,10055,10190,7273,59678,11623600000
2,1034400000,8614,12989,10421,16174400000,20801700000
2,1649,187,190,135,2412,3730
2,3629,1647,1818,1811,25600,37819
3,16288,1145,1161,1180,6541,9248
3,43993,3734,3924,3824,27148,40637
3,4821,175,279,213,10878,13311
3,9857,723,715,485,4312,7742
3,12599,1955,2253,1634,7524,10424
3,19584,101,197,149,4133,19909
3,11024,7372,10576,7457,92106,11135100000
3,49570,3086,2970,1623,20579,48785
3,4564,106,123,80,874,1598
3,17858700000,1283,1233,706,6748,61636
3,21469,3986,4220,2931,41809,48249
3,59153,4363,4376,1673,29083,36827
3,7177,562,3077,2575,12633,56970
3,1734,-270,314,562,2934,6129
2,13233,2007,2612,1922,30866,41819
2,7422,234,322,238,9073,11398
2,32342,5228,6306,4453,51610,61804
2,10553,539,647,507,10192,14917
2,18309,1169,1361,960,20131,29323
2,34504,7735,9854,7369,49895,58600
3,1308,191,177,107,989,1248
2,13461200000,12210,15767,12493,15828600000,23500700000
2,13094300000,21396,24759,18869,14335600000,21001800000
2,42462,1217,1456,981,23084,49026
2,25218,358,490,258,11760,29028
2,42365,1983,2060,2162,11566,48670
2,3064,899,990,379,26508,34603
2,43998,2126,2703,2062,25404,60432
2,12415,1542,1874,1352,41973,45543
2,16279,893,1269,994,9385,16317
2,11006100000,9871,13292,5888,11790100000,16590800000
2,65134700000,73865,17514,88231,464717000000,953465000000
2,60732100000,72685,20972100000,17867900000,56562400000,123329000000
2,26446200000,87637,95834,68470,61910600000,71879800000
2,32799100000,13836600000,13983600000,10003700000,53326100000,61233600000
2,3956200000,79255,87630,67539,81912100000,9079100000
2,10739,-391,-409,-181,13760,17764
2,11449900000,19340,20422,15667,13166600000,15984900000
2,11542,3186,3273,2305,28246,31165
2,37572500000,60176,59583,46756,47969100000,79788800000
2,62732,5074,4360,3182,51776,89212
2,10438100000,13014,15188,4815,10452500000,13797900000
2,10926900000,17788,19916,15944,22674900000,25853300000
2,10272,49,23,104,10892,21612
2,10296600000,6607,11164,10022,12283300000,15263400000
2,17620800000,32849,33191,28014,265400000,32192400000
2,46074,1261,1279,894,32842,71687
2,27256,215,574,479,11232,34338
2,15378900000,4930,5242,3505,95696,274300000
3,9292,2688,2955,1631,47017,1170700000
2,61520,5487,6473,5064,18006600000,20503200000
2,23144,-168,1694,1386,68596,75224
2,35738,4614,4667,3433,35299,47571
2,10091,1081,1154,807,32834,35352
2,42998,1430,1691,27367,11312500000,13994300000
2,22910,4967,5031,3826,30524,42072
2,10242600000,15796,18974,13612,91935,18308200000
2,4670,581,596,385,3635,5858
2,6804,385,456,-234,6714,9187
2,5255,5,26,28,1822,4564
2,42944,1547,2637,3588,45663,86786
2,326,-3286,-3310,-3773,11919,12434
2,205,-2183,-2168,-3399,4177,4634
2,62504600000,7889,50724,13406900000,9576800000,16195000000
2,8043,5364,5115,5076,64525,10472700000
2,630,-180,-159,-179,2140,2911
2,496,-1802,-1774,-1808,5879,8568
2,3070,898,874,745,3781,5302
2,9921,1934,1786,1333,16948,20896
2,1688,62,92,79,4799,5008
2,15616,13684,13627,30278,58972500000,6091700000
2,2837,-4301,-4376,-4376,4400,5273
2,447,-1401,-1410,-1403,2621,2808
2,1021,-805,-816,-856,2731,3151
2,100,-832,-836,-838,269,489
2,7216,3579,3806,2770,17449,20040
2,1303,-511,-539,-912,3454,4380
2,7,-928,-835,-836,1483,2569
2,155,-1665,-1678,-1884,5096,5304
2,263,-157,-166,94,1158,1204
2,1310,-2150,-2203,-2204,3465,4365
2,42459,1671,3255,3346,28993,60161
2,15557800000,14841,23070,15688,2068400000,39254400000
2,16914,292,474,-968,14317,32432
2,34271,-1036,1127,1577,38616,63783
2,46839,609,2419,1902,29637,53323
2,18470,888,1614,1325,21896,28588
2,10887,384,792,702,12564,17727
2,7331,474,657,455,12945,16144
2,9085,234,272,174,8983,13128
2,82398,10567,10749,7423,98847,11958700000
2,29579,979,1012,713,12077,20617
2,65521,1134,3326,2696,57206,95136
2,17514,6881,8005,8722,17927800000,25364200000
2,44268,1242,1427,1025,22459,44585
2,40989,565,877,642,34123,52055
3,29684,3579,3755,2715,11115,17327
3,6338,800,816,481,5506,7007
3,2177,180,70,302,2999,10957
3,22804,359,550,211,8257,12695
3,47825,513,729,-62,2035,25649
3,709,231,354,343,4850,5242
3,3643,103,140,105,1643,4313
3,33155,1910,2354,1224,13999,25723
3,17435,3057,3215,2253,12431,15561
3,44978400000,10965800000,11872600000,85662,74181200000,99634200000
3,5602,138,148,105,1189,3031
3,12959200000,5254,8529,5198,12527100000,18110900000
3,12893,1556,1525,891,14007,16450
3,8071,415,337,229,2243,12930
3,4123,2896,3094,3076,17361,21555
3,10526,0,-6,-400,3924,11764
3,9727,14,10,-41,2423,5801
3,84976,9761,9769,6429,60609,10449100000
3,13453500000,11568,12872,8652,10005400000,3287400000
3,6650,257,368,224,4112,10354
3,92309,6156,7471,5303,61933,93084
3,11431,435,728,643,6480,10212
3,15453,142,465,188,8833,17319
3,18104,-728,-267,-171,8677,17948
3,13342,740,761,510,5364,11649
3,2059,-18,121,99,4440,4933
3,84774,5451,5505,-7384,31681,43662
3,287,-473,-467,-237,10914,11528
3,357,-496,-447,-353,9664,10378
3,22398,1363,1406,882,7313,13575
3,5619,-442,-394,-523,3710,5822
3,12420,221,430,203,2683,13887
3,20397,2790,2793,1932,9106,12114
3,8506,608,616,396,6932,9247
3,6589,41,75,42,2554,4851
3,21937,1142,1133,679,5433,11453
3,2827,1102,1155,777,7329,7761
3,1113,-119,-27,-130,543,1282
3,13283,1198,1781,1389,8831,12380
3,7029,1430,1445,1019,7191,8943
3,84422,4605,5010,3605,27426,41264
3,12046,1973,2014,7192,11292,12638
3,48958,3773,3484,2230,21822,39815
3,6702,636,514,337,2273,15773
3,5499,-305,-282,-625,1541,3259
3,7485,1332,-69,-2708,12629,34712
3,386,80,103,73,6436,7875
3,6845,4544,4547,3639,10316,13437
3,36519,10187,10576,7442,35373,45986
2,72382,66892,64974,65240,109142000000,170792000000
2,4526800000,5745,7976,7695,33500100000,76667900000
2,30366300000,22002,51816,98506,42783800000,79000900000
2,65499,1769,3357,3455,69407,1337300000
2,52709,5001,5887,4080,61669,71401
2,3335,-989,-1035,-1036,1395,5653
2,10723300000,10869,10825,7372,46335,63212
2,15524400000,15399,29728,25445,11944100000,1664300000
2,6992,1397,1400,965,7009,9401
2,17700,2287,2374,1632,7783,10989
2,12376,263,309,146,9516,11700
2,38059,33793,34150,27963,1103700000,19863200000
2,4585,171,271,87,4839,5912
2,43946,2160,2523,1649,26668,38065
2,11584,984,1009,391,5822,13659
2,91268,3816,4486,3147,47547,91875
2,14080,826,975,469,18802,23563
2,9373,326,79,63,4334,13946
2,6746,368,412,240,13529,15639
2,19827,1262,1487,1085,23044,29878
2,25463,3342,6618,4597,39267,49337
2,50182,1035,2529,3509,47477,75234
2,22975,1559,1567,1171,8841,36865
2,7256,1061,1330,1032,11859,14898
2,18128,712,1545,1276,19632,29499
2,10380,1013,1155,844,10220,11799
2,13776,1939,4543,2927,19174,24846
2,22311,316,997,1005,13682,26597
2,13501,1169,1256,565,7157,23477
2,12206200000,3566,3862,1234,47018,93726
2,22710,671,1026,750,28461,35047
2,25504,1725,1763,1238,18740,27296
2,21348,-467,412,333,15456,36723
2,24516,931,1108,1006,10219,20059
3,58076,61,241,-244,7829,16410
2,26468,-821,-868,-917,9981,30189
2,31925,2317,3909,2889,37786,57839
2,17396,519,1381,1111,20699,33644
2,12534,2515,2552,1697,11025,13875
2,53391500000,4558,2751,2057,54400,29426300000
2,17813,913,1268,1048,11329,19551
2,308801000000,50361,69896,39858,58964100000,237546000000
2,17740100000,16654200000,16957100000,18707200000,18308000000,381784000000
2,31836600000,12391,37098,35371,2942500000,61298300000
2,7681,241,247,184,2748,6447
2,21541700000,24614,27299,12950,15226400000,30592100000
2,86726700000,10538800000,20323300000,22471900000,131215000000,197575000000
2,21796,315,832,733,20116,29340
2,73724,5711,7206,4513,54847,92249
2,70376,551,1465,169,34661,65356
2,50693,2790,6419,4871,48247,79572
2,7194,348,399,270,3960,9796
2,36982,-1359,517,-3543,17620,36181
2,50817,2389,8443,7429,76434,93722
2,9782,674,674,435,6333,12981
2,17743900000,-1996,16627,-6278,91891,26336100000
2,42688,1558,3264,2535,50004,85143
2,6205,1182,1205,817,7595,13552
2,50423,2914,5137,3562,39965,67564
2,8229,591,507,382,3249,13527
2,51670800000,5920,16913200000,17847500000,75206700000,137175000000
2,11188200000,1449,8734,8836,3245800000,66410700000
2,59628,593,1337,653,21998,66705
2,29269,1533,2602,1947,36571,45688
2,43346,700,1164,-997,47611,88507
2,2474,5,38,110,2416,3519
2,11792500000,-3273,9075,-47479,42186800000,57597900000
2,1227,-358,-435,-1081,-1135,1217
2,8413,1193,1245,850,7894,11029
2,15737500000,9703,11088,4692,16067800000,27496800000
2,32952500000,24937,27337,16656,27526700000,58702900000
3,4674,1309,1204,315,7169,25168
2,10256,442,485,311,9728,15259
2,42511,1075,1186,526,27444,61251
2,14879,1266,1230,807,3126,13640
2,4207,239,260,279,6690,8184
2,10068,163,247,109,6099,13852
2,20362,2176,2370,1510,18416,33491
2,33134,3516,3536,2044,18919,31312
2,15297,488,683,385,3585,12640
2,13659,484,486,309,3466,11419
2,2853,55,50,-314,2792,4221
2,1196,786,879,791,28065,28832
2,84543,22325,34687,26511,12669900000,30468900000
2,32492,13099,13243,9536,41422,55321
2,37226,16869,17059,11809,42629,56655
2,26631,4142,4907,3358,51419,60175
2,70482,2434,4974,6676,75610,11657600000
2,26593600000,34511,53730,27936,30438500000,58452500000
2,31340600000,38494,47080,36470,30118500000,49165600000
2,366,-36,-25,144,10713,12165
2,13587,119,170,129,1126,10971
2,26016,2486,2807,1897,33395,40238
2,81084,5852,6694,5334,45565,80737
2,10155600000,5762,7222,6130,48016,11019200000
2,8895,390,450,324,3622,9769
2,10293,1278,1333,952,7892,14726
2,27304,5073,5209,3602,25343,34243
2,9107,1038,1841,1067,10095,14705
2,22777,1546,2420,1794,19628,30292
2,10683,1162,1228,791,10889,15081
2,6021,1,51,17,3344,6953
2,3820,-154,-173,-258,4330,10980
2,28401,3143,4927,4082,43259,49848
2,8299,279,299,113,11252,16373
2,13465,1565,1539,1223,17052,19332
2,18505,1681,1634,1191,10477,29311
2,4193,-103,-20,-651,3108,4747
2,356223000000,25114,11231900000,14531900000,207245000000,54629000000
2,11164700000,2105,2552,2403,59554,97440
2,92857,2739,3467,3966,71342,14858700000
2,20710900000,16027,17311,15444,12588500000,18567300000
2,10995900000,7093,7774,5230,12192700000,16374300000
2,61760,-420,698,952,34150,52460
2,24271,11,242,151,13386,20073
2,64287,6979,7329,5067,12653900000,16550400000
2,11033200000,6331,10558,5891,13985600000,1735800000
2,6153,431,434,355,2698,6012
2,46793,2260,2342,1607,55522,66809
2,42248,4524,5043,3436,37017,51468
2,34081300000,19146,24393,15912,19548600000,45557700000
2,25920,48,269,-84,19187,38522
2,11746200000,6655,6183,5097,43703,13530900000
2,16280400000,9757,10164,7162,18678100000,27491100000
2,2030700000,5857,7342,3438,1336100000,24453300000
2,17071,1405,1512,1133,15802,18174
2,53530800000,4913,22232,16421,37963800000,73957800000
2,41249,1713,1814,537,18169,52630
2,48254,142,3175,3611,51583,58177
2,5517,603,601,428,4184,6817
2,60492,-6156,-5330,-13620,54283,82644
2,72063,1327,1732,1667,57337,11801900000
2,17470,892,966,620,9250,21509
2,13076,639,733,523,10213,20704
2,4304,-23,84,93,3171,6450
2,9265,-1287,-1224,-4831,5973,12754
2,1126,831,830,563,5777,6288
2,16562400000,15157,22658,17129,10605500000,26300500000
2,76944,3955,3156,2865,49648,96587
2,28070,670,754,1847,11433,24337
2,17173,1032,1521,542,38852,47686
2,36043,3221,3257,2294,28145,38953
2,10843,1448,1478,1066,11148,14275
2,18097,564,633,516,7998,16020
3,5529,256,301,192,2622,3991
2,11464400000,3253,4283,3918,27126,60803
2,2809,265,264,164,2254,3682
2,24067900000,-8129,40835,38323,15089100000,41952100000
2,10551300000,-2692,-2872,-2220,47405,11540600000
2,8528200000,-10949,5169,-13568,46386200000,126976000000
2,75885800000,37020,77622,49716,64788900000,10719000000
2,19828,11530,11919,11730,11745200000,26265700000
2,8692,3890,3825,2666,54389,14432600000
2,1084,-139,-118,-145,2431,2611
2,43666,2308,2422,-1322,34305,80928
2,38588,4368,4383,5859,46131,85982
2,7069,354,540,418,3930,5936
2,26593500000,4959,9508,9061,1894900000,57808600000
2,8683,804,812,468,4828,8183
2,20660,1247,1254,865,7297,12490
2,1089,405,868,1055,15281,17499
2,4157,144,160,74,2291,5006
2,47362600000,5147,22619,21510,16407500000,46901300000
2,114262000000,16921,65847,71147,78302800000,135103000000
2,37176700000,323,8418,-4801,95317,3580500000
2,2273,283,352,370,30144,80740
2,8767,1580,1748,1693,9922,14554
2,12315,-132,223,206,9240,15713
2,98582,67,3994,3975,75261,16033800000
2,80003,686,1109,2135,46432,89051
2,740,336,348,-532,4032,4434
2,8429,7044,6902,6824,54782,75394
2,10797,252,269,176,12102,15115
2,20098,5723,10804,23433,41268400000,63084100000
2,5748,690,701,467,4438,5585
2,18603,734,910,583,10484,22265
2,77124,976,1577,1137,68903,97722
2,3520,1265,1486,1881,46277,63873
2,11744,194,746,616,28871,38437
2,15388,480,433,70,12365,31209
2,12595,9260,9443,8382,138100000,21474600000
2,11813300000,5690,7519,5614,61367,12816600000
2,25237500000,1548,1522,-1789,68061,21370500000
2,45389,2624,3303,1998,26216,50690
2,11530,340,317,607,3865,8649
2,6158,240,246,207,2743,5228
2,47630,131,401,508,12926,58305
2,25580,1262,1355,956,14836,25164
2,14120200000,-477,939,332,89376,14838400000
2,10243,780,1285,1033,23537,25726
2,34206,1932,3676,1813,12208600000,12876100000
2,20601500000,14602,19026,14175,21086500000,25968200000
2,11822800000,3399,8721,7197,82435,11567300000
2,6620,-81,-121,-1233,2809,9444
2,19007,561,618,387,23574,28133
2,4208,-17,-21,8,965,3975
2,10060,173,258,196,4424,13934
2,3434,219,253,242,9400,11258
2,21365,481,519,319,10504,19299
2,16924,1626,2165,1666,22006,30237
2,22328,491,1048,925,12283,21177
2,47709,4388,4836,3196,52122,78835
2,8236,138,156,83,2941,6246
2,5108,358,391,618,2109,6707
2,33510,1001,1666,1174,14818,29963
2,7582,602,632,443,9279,12472
2,6113,961,1010,885,6547,8042
2,4419,183,275,198,3512,7003
2,58666,1802,6690,5829,73224,11900900000
2,9708,985,1078,760,10792,12901
2,11107,27,123,27,10073,13048
2,10096,59,75,53,3744,8324
2,48758,3394,4696,3227,32105,48197
2,9013,246,342,234,15026,18346
2,16479,1214,1705,1318,20827,25317
2,30106,1335,2196,1603,33988,42814
2,24521,440,551,336,12531,22921
2,4958,192,223,145,5838,10205
2,32052,2791,5128,3729,55659,64994
2,5892,870,783,528,8402,11177
2,31279900000,10351,20453,6516,17531800000,38321100000
2,12100,685,1208,881,13179,17698
2,27264,631,1152,948,12241,32286
2,11156,920,952,631,6596,12249
2,9166,-120,538,111,1775,15177
2,16799,2804,2906,2056,14716,19746
2,95611,10446,12965,9265,11509600000,14553800000
2,74238,8235,9732,7564,66694,12106700000
2,12036,787,819,560,12463,20437
2,9406,-55,7,-46,8230,12663
2,49755,711,1698,1270,32382,74690
3,3363,16,13,4,283,1143
3,2606,22,42,144,838,1214
3,3132,510,511,333,1869,2253
3,11235,27,0,-140,1292,10195
3,4249,896,903,638,2072,3220
3,1359,22,19,17,1517,2932
3,1197,168,132,54,1452,2877
3,1248,1059,1055,986,3260,3616
3,8321,1286,1301,845,5086,7838
3,1706,865,865,564,3243,3594
3,3363,309,313,196,2240,2765
3,494,91,94,152,2719,2742
2,7214,641,815,651,7103,13040
3,10668,657,665,436,2737,4417
3,9873,576,575,248,2069,3838
3,13138,1806,1837,1731,10794,13427
3,2181,425,427,237,3024,3282
3,6111,19,126,1215,4940,6208
3,25706,5804,6885,4878,21256,31816
3,4325,411,1064,-1446,6672,14206
3,992,439,507,506,5166,6337
3,1501,651,573,510,8035,11182
3,5127,907,934,653,7050,8060
3,16560,1423,1385,1009,4584,18805
3,2919,60,103,78,662,2429
3,2411,867,940,651,2428,10414
3,3170,39,55,-1112,1500,5186
3,2614,556,583,396,2293,2797
3,12385,184,181,114,3169,5072
3,6811,1955,2026,1389,4652,8942
3,14501,2285,2314,1515,12541,16077
3,8729,472,486,318,2797,6716
3,10482,478,481,200,2172,3594
3,4016,699,754,519,2304,11629
3,3501,173,150,92,2281,3531
3,1430,294,387,242,4399,12595
3,1253,34,31,30,857,1209
3,305,15,16,9,1275,1972
3,13143,1213,1301,890,4445,6865
3,648,239,298,314,11482,11660
3,947,450,456,-269,3361,9815
3,1820,188,193,140,2656,2923
3,3486,162,177,85,1347,2472
3,62748,53121,55413,34247,93266700000,142488000000
3,18948,797,1264,852,4699,8643
2,38557,1908,3491,3125,20066,35787
2,17387400000,20284,21692,15807,12844900000,18433200000
2,85579,-160,3145,3115,60939,11636900000
2,14400,564,618,764,12924,19031
2,66709,4522,17084,13908,31514800000,38739300000
2,44812,2630,4126,3436,56779,74718
2,21728,1764,1973,1499,14749,23982
2,22538,2884,2718,2595,9680,26263
2,11293400000,19931,20381,14915,13405800000,16064800000
2,10867400000,7955,11781,9248,96336,17049200000
2,28229,498,879,286,23553,40955
2,9443,327,399,304,7098,16677
2,31964,1494,2059,1684,46272,57446
2,13199600000,-582,3221,1611,11606900000,35021300000
2,13843,670,1033,3161,14639,17671
2,42557,817,2019,1466,38405,83731
2,28465,3137,3272,2250,21574,37997
2,27189,2876,2945,2112,22453,32201
2,1244900000,29341,41582,33103,19468100000,22777600000
2,2750,233,231,177,1932,4858
2,7754,984,1292,1016,11625,17090
2,5904,722,763,584,3460,5570
2,27345,4128,4303,3037,46557,52373
2,20758,2095,2259,1475,13256,22286
2,2084,636,648,447,8227,9006
2,8959,2306,2568,1843,11658,13277
2,8448,1897,1906,1426,7233,10053
2,6321,1676,1688,1108,5926,7161
2,17500,24,729,-962,7186,19374
2,3202,-4537,-4532,-9851,-2040,6030
2,16315,885,1456,1161,17609,23952
3,5734,235,239,26,1235,1928
3,403,-61,-61,-82,688,881
3,27455100000,21362300000,215900000,22079100000,794044000000,80796000000
3,4145,60,60,-60,2330,3586
3,4129,272,269,148,1031,3371
3,1328,19,15,27,630,2380
3,17691,5260,4953,3727,59677,14797300000
3,2477,830,721,443,2642,3074
3,6379,541,533,453,3841,4735
3,16028,741,735,268,5990,19218
3,12120,980,1016,717,3012,6873
3,11544,641,622,438,2273,4595
3,1235,-161,-130,-148,1810,2208
3,5239,398,403,279,1400,3556
3,288,75,104,82,985,1834
3,5077,1886,1889,1342,5162,6427
3,73274,4239,4284,3133,13738,38338
3,11157,791,801,505,2893,5398
2,18990,978,1132,1129,13607,23170
2,23263,180,142,165,19622,44274
2,7100,35,85,60,2455,7731
2,28278,1021,1702,1241,13732,25816
2,28200,2120,2268,1829,8998,32879
2,39352,1706,2233,3272,10474500000,12655200000
2,807,-330,-176,-183,4701,4926
2,40297,3543,3644,2663,23089,47068
2,314,84,84,67,7233,7386
2,23926,1743,2324,1806,16731,26248
2,26405,3786,3801,1901,17821,24186
2,2589,-20,-37,-7,1774,2411
2,12584,1243,1397,1035,15884,18658
2,23993,3048,3264,2344,19627,33290
2,17492,2347,2380,1626,14974,24435
2,1759,263,275,189,2133,2550
2,1540,857,858,813,38011,38218
2,75402,2635,3178,2485,33367,69066
2,6803,625,596,628,6246,7743
2,57320,11468,11983,8236,72351,10010800000
2,24364,882,1191,796,45733,53248
2,57751,4582,4830,3573,40809,77092
2,9386,541,1236,1006,14744,20188
2,6879,678,807,618,4166,8433
2,1591800000,10399,14973,4373,11710600000,22328800000
2,22239600000,3268,4170,4327,92235,24389500000
2,18865,552,592,384,42582,45263
2,19434,3102,3376,2539,19828,26310
2,37157400000,11136200000,15056200000,11290700000,75355100000,86315900000
2,2001,-1015,-816,-827,26544,34342
2,8256,-2975,-2207,-2171,17119,22353
2,2201,29,112,336,2478,3121
2,15487,1644,2165,1830,44100,46794
2,19496,1866,1914,1358,18994,28776
2,34392,1512,1616,865,11131,29969
2,37575,1954,3095,2461,42859,59902
2,11605,107,208,159,9758,13379
2,10442,435,585,405,10112,14664
2,11884,888,1109,720,5935,13572
2,36523,2487,2724,2014,29930,53740
2,7530,527,549,367,9958,11740
2,6165,131,125,87,3408,7512
2,75481,2041,2322,1692,21915,71481
2,7596,-807,-794,-875,1812,10189
2,21801800000,9289,25710,18005,15689500000,50436700000
2,19519,686,716,1130,20637,29312
2,54594900000,23064,57703,50503,28161600000,63443700000
2,5182,472,442,247,3216,6273
2,90016,992,2241,1555,58929,13012200000
2,13114,1180,1290,907,12510,15581
2,23188,-827,-737,-467,21699,36530
2,52283,4382,5551,3713,34743,68547
2,7683,237,815,609,22023,25510
2,20335,3416,3534,2291,13896,32637
2,49249,13798,14213,10413,84813,10024700000
2,7147,632,683,431,6127,8351
2,89757400000,25169,73245,58261,62253700000,116624000000
2,3844,300,291,79,1015,4881
2,26556,1782,1950,1390,14165,26721
2,12650700000,-13212,-4339,-4015,11708,15917300000
2,29223,440,869,941,21246,39967
2,48940,1940,2905,2029,55442,94882
2,10737,1081,1564,1286,20408,23510
2,7651,103,139,99,2299,8864
2,9693,-240,-32,367,5911,12562
2,9005,1128,1140,700,2149,9890
2,6772,928,1132,920,9558,10439
2,66534,3827,5382,4038,72622,11067400000
2,74048,6436,7684,6011,55957,10755700000
2,6675,990,1055,788,4926,8713
2,707,180,154,104,4905,9741
2,7440,1840,1922,1500,10034,12704
2,2990,401,401,272,1086,2900
2,69775,996,1321,929,11979700000,14742800000
2,37425,2147,2371,-2520,26171,71851
2,7393,461,473,317,7868,11141
2,20348,382,1416,1247,21494,46712
2,18884,200,653,513,17530,25566
2,11650,617,765,538,4383,12397
2,22026600000,2037,17317,15978,25482200000,43608700000
2,8533,813,828,651,9922,19405
2,38973,599,783,816,27713,61730
2,38820,2864,3891,2744,20960,36276
2,17249,1599,1714,1188,18527,26339
2,23297700000,9373,24117,-2.0076800000,-92594,26391100000
2,5701800000,48752,14163400000,1238700000,77749300000,143086000000
2,65617,3497,4586,3181,46646,84044
2,8261,-1064,-980,-641,25183,42308
2,13155800000,11946,16831,18626,21440400000,30012500000
2,10865500000,8540,13971,10959,11978400000,21944500000
2,24218,57,779,1214,15752,39061
2,90585,3357,4385,1290,68581,19182400000
2,20533,2084,2150,1435,10767,26631
2,89597,6518,6924,4703,44556,74735
2,3580,117,124,80,1469,3771
2,17124,1923,2924,2203,24681,31757
2,30358,1422,2160,1654,17550,29454
2,9784,934,1035,724,8726,12701
2,75568,2068,3130,2193,48277,11085900000
2,5407,224,250,158,5902,8273
2,8550,1226,1449,1063,7571,10058
2,14482500000,14630,15824,12324,13513600000,22610200000
2,4979,162,172,133,1962,7599
2,3353,190,176,168,1501,4843
2,10611,863,890,605,5245,9462
2,12065,627,589,415,10308,20064
2,72485,5206,8035,6943,59978,85477
2,97175,2989,3394,3609,71918,12088200000
2,25150,702,825,617,13205,31953
2,29794,3845,4425,2480,17009,44298
2,27300,1973,2082,1410,23589,30761
2,62357,13499,15430,10707,2174700000,25804200000
2,65596,1906,3549,2794,58500,78847
2,17864,616,616,413,5750,15775
2,80724,20479,23036,14660,32578200000,38666400000
2,9378,23,1711,1530,20367,23092
2,65579,6973,7769,5384,46065,69514
2,9744,-676,-703,-522,2395,13182
2,54812,1457,-6754,-6799,36121200000,45855400000
2,7208,275,37,345,13971,24399
2,29656,1380,1627,1121,29200,42582
2,97566,10465,10501,7526,64344,88108
2,2731,174,173,109,3343,4858
2,74796,11155,13210,9827,10268100000,12634600000
2,5353,-79,76,109,3646,8062
2,50988,-291,1430,1202,31670,89045
2,13043,4908,4017,2506,16883,10501900000
2,28692,640,1178,962,19721,41100
2,40136600000,27729,48818,40548,29053100000,47292400000
2,62498,5476,6129,4590,71798,93433
2,15338200000,11811,14490,11216,17483300000,25364900000
2,23799,4900,6024,4503,32284,47677
2,11574,935,-463,196,29615700000,42327700000
2,45794,3415,8974,7616,72576,10400200000
2,74645,11595,14569,10939,1348900000,21709900000
2,10787,809,938,666,7652,12014
2,60844,719,3007,1026,43977,79246
2,49352400000,3899,28726,28284,26222100000,69113200000
2,34715400000,-5354,3801,6963,17024700000,59565800000
2,66991200000,8145,53851,40797,35237100000,82955300000
2,51075,4487,4978,3373,53693,92936
2,13618900000,11933,15746,7559,24508600000,37384900000
2,17474,2045,2570,1889,24774,28635
2,24501,1500,1957,1027,18224,25290
2,24176,2391,2471,1667,33449,40087
2,5918,136,408,442,9482,11230
2,22108,-230,621,764,16118,28018
2,28987,4080,4306,3179,36110,46536
2,27060,110,1835,-388,18217,38429
2,272,85,90,72,3299,3722
2,4860,-45,-56,-86,3872,8817
2,19084,1148,1325,907,21247,26542
2,8087,405,474,340,13233,17264
2,72262,5985,7609,2985,54079,99045
2,192724000000,93072,30406900000,17406200000,156346000000,393412000000
2,45793,-40289,9001,127891000000,91450700000,206863000000
2,271776000000,83839,18444100000,16453300000,124146000000,284116000000
2,5798300000,21046,28272,22094,25877200000,6997400000
2,33804,-145,341,707,20675,53889
2,20517900000,8913,15329,12407,12630300000,23837800000
2,71088,4070,4561,3539,38671,95864
2,16761400000,5050,7751,7352,71729,22110800000
2,30210,990,1889,1426,17337,34796
2,70261,3499,4657,3492,46424,75690
2,13792,723,764,662,7634,14373
3,776,-363,94,-115,528,2481
3,16905,3416,2869,1212,12935,16225
3,2226,-157,-138,-159,2063,3613
3,2357,778,778,483,2720,3172
3,3828,1690,1770,1197,6998,7810
3,24615,852,936,693,8780,16000
3,1524,575,573,375,1453,1842
3,4742,302,354,245,2593,3961
3,2962,383,358,248,2187,8682
3,3363,92,103,64,816,1906
3,11441,525,590,334,5315,9610
3,30948,2422,2432,1511,10527,18752
3,29048,324,309,188,1297,6737
3,12178,300,298,200,1584,4311
3,6246,227,225,280,1490,3261
3,18679,524,395,167,2493,5440
3,5751,1495,1471,991,2539,3707
3,712,36,17,61,1179,2218
3,1353,48,-518,-578,3245,11643
3,3243,180,585,476,1977,8168
3,5514,1409,1398,887,5256,17528
3,9469,947,994,670,14925,19651
3,375,58,61,43,1600,1664
3,6290,1240,1285,936,9454,12002
3,63474,2962,2943,2240,9852,18482
3,11543,359,489,752,3303,10824
3,1156,372,331,312,5005,7211
3,823,-113,-118,-167,555,700
3,372,125,124,-68,536,1058
3,2150,137,134,88,716,2725
3,4757,381,374,208,1407,2048
3,2372,175,160,104,1214,1736
2,3263900000,32175,77826,65601,36570900000,42138700000
2,24939400000,5358,8335,8875,77898,20467100000
2,40414,2533,3008,2005,17245,53502
2,17327,-860,-622,-395,12118,24320
2,93568,6317,13561,11375,15530900000,16853700000
2,22221700000,129,49213,48417,30986700000,98317800000
2,24459,107,175,-4657,14121,34162
2,9201,478,740,565,11989,15205
2,64146,1306,1500,870,43685,85777
2,9501,397,391,285,2113,8335
2,2749,-45,58,-34,21268,42801
2,1010300000,2223,3470,2840,40859,11091500000
2,34964,2487,3005,1851,39467,54265
2,103,-142,-122,-123,7622,7633
2,6233,-486,186,132,4049,9492
2,5682,-392,-166,4,20022,25145
2,11351,-101,-309,95,1335,9284
2,1122,448,431,428,5415,11080
2,26407,6044,6095,3662,13166,17615
2,17587300000,-1415,1554,850,79561,21176600000
2,3321,205,280,182,2330,4518
2,9587,-25,10,34,3154,12582
2,23946,-639,366,297,13069,25573
2,41585,1985,1734,1249,17382,51791
2,20855,1450,1530,1435,10483,20472
2,44773,-550,-283,-365,35711,64015
2,71112,7451,11540,9775,76340,11977900000
2,16386,1161,1333,1002,11193,17449
2,34413,2851,3867,3146,38003,55062
2,32490800000,27049,49135,45017,25982400000,46440500000
2,8903,141,140,89,4121,9743
2,19430,1236,1235,889,13766,19643
2,71395,5563,5570,3580,79300,10730500000
2,31319,2422,3588,2243,33247,66945
2,16893,436,712,515,8692,18381
2,3909,376,394,277,10346,11097
2,7609,-71,59,81,4874,9931
2,2287,328,326,265,1253,2867
2,12746,-251,-124,-296,3617,12974
2,2551,-13,-22,-40,1147,3170
2,1375,84,85,59,2996,3266
2,3747,-149,-93,-199,2993,4895
2,3902,-123,-658,-664,781,8090
2,4645,537,446,305,4423,6861
2,1978,928,948,902,15606,20590
2,6628,5633,7320,6603,12618700000,17504700000
2,1107,338,274,240,20578,24477
2,9332,1517,1535,1098,13741,16155
2,7060,231,300,249,4274,6433
2,679,-123,-126,-168,1217,1360
2,165424000000,3255,35644,21603,72057500000,212988000000
2,193189000000,17764,6102,46371,79537300000,196646000000
2,2159600000,2525,9417,8457,79722,26594400000
2,16557,-361,-193,422,17124,26768
2,34476,1790,2221,1168,35360,47637
2,11028800000,-1943,-3038,-3528,36317,12652700000
2,6653,297,292,262,5599,10356
2,13277,372,551,450,16067,19708
2,306,-342,-330,-633,127,398
2,11049,958,943,695,7764,11881
2,55431300000,34404,16932,17433,50443100000,161368000000
2,79042400000,8480,33896,30629,380400000,69448700000
2,80543,3164,4754,3966,16687,39917
2,11950900000,7635,13899,12159,10421900000,20301500000
2,5003,-1672,-1651,-2000,9313,9701
2,2777,209,210,146,1414,2771
2,6427,-1751,-105,-1746,5804,11723
2,52132,2904,3292,3056,84610,10687800000
2,63389300000,-38236,-42615,-1.1958600000,-28662,51639500000
2,61469,1847,2456,1924,40110,95094
2,18985,1686,1823,1306,15009,29036
2,81834,9028,9463,6448,72159,10599100000
2,65209,3884,4253,3087,28453,56217
2,76554,8809,8346,5048,40675,66091
2,425522000000,11030100000,1652100000,13909800000,143914000000,443841000000
2,159201000000,49376,61201,66018,31997900000,145075000000
2,46866,7379,8151,6970,80516,12632700000
2,19384300000,2836,6393,5583,87019,17306500000
2,4377,153,273,-53,1266,3651
2,37343600000,14174700000,15746200000,15127,259169000000,324192000000
2,30932700000,-35898,-15269,-36063,27315700000,93593900000
2,10099,236,724,617,17535,20673
2,43171,1319,3234,5028,39323,63014
2,39466100000,6602,17726,15974,21143800000,37363300000
2,22601,870,950,715,12122,27189
2,9788,170,323,187,2817,8197
2,1609,-175,-192,-268,1465,2019
2,15989,860,903,617,5906,15293
2,4993,625,804,552,8424,10048
2,2630,74,66,117,3293,5034
2,37553,-1008,-888,-1471,11488,55471
2,16649,1092,1492,700,15988,20576
2,282,25,68,585,10053,17656
2,42499,1026,1539,2078,23824,93603
2,27086,719,916,689,20961,29748
2,90345,-3850,1427,772,25808,52411
2,46401,-526,1390,620,26989,53862
2,45608,824,1447,927,16042,32850
2,10166,-98,57,20,3453,13147
2,18694200000,6173,8811,6584,68655,11082100000
2,32815,1540,2022,1517,31587,37642
2,58784,1071,2146,1892,25852,61051
2,6676,733,909,649,28141,32448
2,1338,690,462,61,22935,48374
3,182,6,-37,10,559,608
2,26743,2127,2457,1955,46378,50823
2,11471,-1848,-1737,-2898,4177,10996
2,17041,2257,2617,1952,19267,25788
2,4173,31,790,756,21056,22617
2,1108,-166,-165,-169,707,999
2,9583,-51,170,161,5663,10471
2,183,-84,-69,-79,2623,3428
2,97910,452,1241,970,52334,70691
2,11175600000,-209,25537,31820,19760700000,27091700000
2,80380,1522,3797,2448,44595,10285900000
2,16645,1918,2251,1638,14941,20789
2,14974400000,12720,14355,10632,10908200000,15739800000
2,17234,1194,1466,1078,13957,23540
2,1749,218,240,145,1884,2950
2,14574,786,1178,894,13468,20763
2,12399,696,957,819,9644,16024
2,64029,5446,13695,11816,1119400000,20750300000
2,2611200000,47500,53164,48310,22082600000,32953700000
2,12356,237,412,329,14516,21308
2,33063,3794,4210,3152,38150,48717
2,7811,905,1090,252,11981,13274
2,9936,991,1198,869,8799,15150
2,19139,1734,2580,2087,24243,26603
2,3096,317,360,347,3320,4293
2,1522600000,35320,49570,36062,18824700000,22808500000
2,8185,684,881,857,9541,13392
2,20329,1350,1532,1050,8737,17528
2,81494,3318,3846,1672,34275,90741
2,25666,1483,1672,1454,14102,34971
2,16433,477,661,489,16417,23970
2,35620,4400,4648,3199,31003,39552
2,6855,4866,4318,2195,43374,10154500000
2,2583,475,509,450,2912,4174
2,991,-98,-97,-96,3287,4164
2,32419,672,1072,826,13230,24877
2,29539,364,507,352,8117,17624
2,286119000000,64906,16202200000,1948500000,230678000000,369291000000
2,19111,616,612,45,6841,19692
2,22052,3147,3208,2214,38003,40480
2,5368,-337,-291,-366,15455,23304
2,8592,693,717,462,9180,11499
2,12167,-235,2189,2287,18496,23807
2,54236,1770,2889,2821,25307,36331
2,7699,1543,1595,1091,10787,13093
2,9493,681,767,511,10971,14005
2,26800,6184,6918,5450,29185,48206
2,20884900000,11621,24311,19001,19185800000,25812900000
2,46075,1282,1800,1616,19926,53304
2,47113,3140,5349,10358,12216100000,16053300000
2,11647,-54,427,-780,5553,12293
2,505,25,674,674,6681,7356
2,12639,494,748,658,11866,16849
2,15736,2342,2574,1842,41007,44501
2,16121,1068,1007,1032,19124,23699
2,22605,359,589,351,12729,31991
2,42642,2241,4745,1484,16004,36348
2,9675,-4,178,25,9031,11717
2,6695,-269,-335,-484,9007,12160
2,84248,1755,2221,1682,43933,68845
2,17449,-68,-153,1289,8139,25260
2,11235,1456,2154,1783,31556,37344
2,93910,4905,6374,5260,38747,10303700000
2,22455600000,10528,21433,18350,17374400000,2964700000
2,47064400000,10585200000,14795600000,13632600000,117346000000,129232000000
2,57232,-184,209,64,9251,48168
2,21669,829,1057,766,10701,23876
2,50370,554,1449,916,40500,82567
2,71570,8586,11994,9524,92777,131400000
2,6337,-2757,2777,1461,29712,31433
2,21580,-584,-75,-189,26440,48663
2,3423600000,23969,44034,35372,4560600000,52837100000
2,11524,542,627,459,12514,17190
2,54983,-158,782,647,40382,75172
2,13600300000,5096,8584,3572,13831700000,17759100000
2,73626300000,17853,11997800000,55129,180557000000,218106000000
3,44351,436,568,101,12347,31936
2,24312400000,26528,29473,28055,14196200000,24867700000
2,3698,122,159,101,1285,3887
2,105311000000,46146,63623,67005,59582700000,105327000000
2,5841,-64,-32,100,2733,8729
2,47629,-1527,-251,-14577,69466,78810
2,49062600000,40741,86621,71894,46607500000,66313900000
2,34501,606,1157,642,11939,34942
2,393,-363,-570,-600,2706,9773
2,19904,1406,1467,668,19664,25118
2,2696100000,6073,19915,14063,15794200000,25679400000
2,85350,-1395,3416,-9481,52036,99463
2,12489700000,1027,2852,169,41244,12851400000
2,11983,808,1128,943,8969,15243
2,47095,3550,4355,609,44290,57096
2,28414,16170,14916,-49269,55573,3646800000
2,88649800000,49016,54585,96061,119813000000,303177000000
2,70049700000,33610,39355,20558,23830500000,111338000000
2,1006800000,-1664,-1102,-6577,71082,1357400000
2,26983,441,375,301,7914,32124
2,7697,132,154,144,10494,14563
3,7855,327,334,239,1039,2512
3,420,43,86,57,1404,4294
3,4762,656,660,417,2158,3243
3,3262,385,386,258,2140,2664
3,13469,399,388,312,1896,4223
3,8130,446,417,272,1943,3083
3,1351,195,212,146,1350,1539
3,4267,893,828,484,1919,6031
3,9790,855,876,667,4139,6772
3,6470,254,267,194,1547,4646
3,1385,198,204,297,2526,3767
3,419,131,130,90,869,967
3,3711,276,313,176,1307,2491
3,1803,95,113,62,859,1236
3,658,72,69,52,145,307
3,11288,782,1024,591,5826,16788
3,4857,139,139,86,848,1567
3,2627,230,221,174,410,2186
3,16319,1052,1380,1103,2257,12002
3,1263,88,74,96,748,952
2,89211,7943,8239,8982,19643,1170600000
2,16258500000,2105,3699,3407,60590,26037600000
2,42131,1840,2164,1829,14723,63014
3,1646,1263,1272,1265,95408,95469
3,347,-10,131,164,5285,6777
3,43204,34229,35169,24134,12699800000,32123200000
3,20074,18498,17110,17669,65095400000,77670400000
3,9716,1283,1587,459,8876,19641
3,4839,2549,5830,4817,33198,53852
3,3110,2311,2275,2149,19585400000,19596100000
3,2911,337,350,205,8339,14856
3,7188,5289,5284,5231,45362900000,45714500000
3,33186,31668,31533,31486,91649200000,97723500000
3,5947,-148,-193,-171,627,6736
3,7465,6785,6666,6644,37146800000,41638900000
3,2902,1290,2160,1740,10937,13437
3,3136,842,840,564,2874,4038
3,2168,585,897,702,3574,11270
3,8609,1325,1391,840,6278,11675
3,3078,2119,2055,2050,4472,11460
2,113083000000,49849,10041300000,83719,57364100000,103551000000
2,1263440000000,132614000000,232312000000,189682000000,1245030000000,177170000000
2,140347000000,37793,50127,38788,40513900000,84953800000
2,5882,330,588,465,6479,8896
2,199943000000,10636,64312,54750,59486700000,111442000000
2,38993,680,2320,1690,21896,43451
2,2028,913,914,12,1749,9258
2,15913,32,418,280,12838,21011
2,52323,620,1617,1189,9952,47049
2,3534,113,216,166,3121,5671
2,6097,129,184,87,7953,11189
2,52077,2399,5546,4333,46970,11801500000
2,59371800000,6984,7394,4989,15753900000,30088700000
2,15100400000,4429,5740,4483,52844,15736800000
2,58955,4560,5845,4484,74115,98532
2,5021,474,508,349,2848,4418
2,74773,154,7337,5835,49422,65533
2,53856,1994,6024,4535,85150,95565
2,15076800000,1048,5566,1245,77198,21560800000
2,26328,875,1054,817,15830,23146
2,66794,658,3522,560,31098,59280
2,76639,-1298,-366,-25769,-4201,10479800000
2,26384500000,1807,5400,4364,45522,16304600000
2,2142500000,4053,9756,-24235,86792,28162400000
2,1022500000,5108,5413,3522,36980,88360
2,67732,2789,4026,3365,50374,10646500000
2,86248,244,1335,670,22449,67837
2,83562,6146,7871,5895,72654,15360700000
2,13968500000,827,7778,6280,10706800000,15308700000
2,41018,243,346,-420,14745,32467
2,4981,52,126,119,5390,7670
2,75261,-2859,4189,3870,27238,72913
2,87326800000,21801,81937,77247,5299700000,162683000000
2,266621000000,533,52324,39334,104955000000,216321000000
2,17236,1493,2008,1471,15654,22441
2,60537,1089,2563,2080,36593,58697
2,407756000000,1012,53403100000,36220300000,216134000000,298211000000
2,5739,97,118,89,4448,7965
2,194022000000,96747,11722300000,42414,58302400000,170728000000
2,192979000000,79822,82619,68003,111081000000,214761000000
2,27882,1277,1459,858,10277,29683
2,68772800000,15866,67971,58667,4379900000,64917100000
2,15951,738,759,475,4753,12324
2,11103500000,7165,21180,17574,77623,12201400000
2,36410400000,38346,56652,44132,3035600000,41979100000
2,30873,-105,1461,1255,22270,33252
2,14453600000,-2640,3957,-6791,34878,22777500000
2,95911,767,4888,4110,61875,1296700000
2,17854,375,399,552,11664,22325
2,41495,1415,3096,2625,20295,41710
2,47589,2596,5017,3743,44472,56267
2,55083,3249,4365,-810,76545,12017600000
2,40850,1671,6295,5237,70041,90681
2,15459,336,762,986,9378,16200
2,40644,-1897,1269,1374,34187,48939
2,21464,216,431,326,23778,29591
2,22020,688,1513,709,17928,30116
2,2210400000,30446,35342,27201,16455100000,20477800000
2,96690,6241,18981,15159,11688100000,1348100000
3,1345,111,167,122,450,4342
3,3075,2296,2253,2242,15966900000,16722200000
3,477,42,23,21,38174,38253
3,4597,3594,3472,3474,32049100000,3212500000
2,8818,578,738,509,10375,13361
2,76447,3104,2537,2034,29300,91132
3,47151,1616,1680,-48,16318,29538
3,4446,17,21,11,1014,2823
3,21831700000,5432,5481,3878,63657,14698400000
3,29259,1163,1372,955,12713,25510
3,23804500000,11895,14626,9658,64852,1561400000
3,59740,42,466,624,23102,42366
3,63427,514,640,21,11841,27010
3,19449,304,419,270,6224,14973
3,4541,-4,38,39,3861,6453
3,80011,-21,0,-48,8577,26027
3,11627400000,2382,3554,2716,45497,74647
3,26459,481,610,420,11639,18635
3,48816,3714,3734,2581,25589,40087
3,57718,1071,1462,780,16225,34966
3,44434,7,695,90,20886,29415
3,36437,11,11,2,2036,5124
3,73798,-2033,-2314,-6110,22667,46609
3,16777,4793,4941,3436,36802,40780
3,8579,91,105,19,3416,4722
3,48876,174,230,36,10503,33898
3,254387000000,15173,17625,13476,17404800000,6978700000
3,1648,10,29,-287,30772,35057
3,19619300000,4110,4412,2976,50263,71673
3,10019100000,14318,16319,12466,83041,14053800000
3,28178,14664,16878,15938,28804300000,34406300000
3,10853300000,1869,2176,1677,26893,54656
3,12318,605,641,480,8634,11391
3,3333,39,48,734,1375,1947
3,19652,3425,6127,4102,34615,38251
3,9834,872,867,576,4748,10390
3,12928100000,1336,1352,453,9345,37278
3,37391,1345,1495,1173,14296,20740
3,26000,1710,1821,1232,16586,26603
3,82215,2482,2908,2091,27265,43844
3,63689,7245,7708,5326,54188,75360
3,6854,81,99,13,2100,4023
3,47433,1569,1822,1335,16879,27974
3,10012400000,744,848,527,12881,32522
3,44220,622,835,491,32720,38472
3,90518,4873,5295,3616,66013,84504
3,64485600000,10970,18505,13700,1577600000,39120700000
3,26126,760,1030,687,15037,21854
3,11930,430,485,293,13440,18775
3,5931,804,834,576,9342,11937
3,62230,238,451,225,17763,28720
3,33128,2346,2423,1778,10781,22971
3,69932,2126,2489,1756,20653,39920
3,13935,716,713,360,5676,9266
3,5018,1597,1492,1527,7297,20615
3,1631,-153,51,-63,6166,16733
3,70557,3337,3378,2233,24818,39152
3,18579600000,8225,8144,3979,44976,1011400000
3,26812700000,6426,7165,6604,48681,10933500000
3,39313,137,78,-565,1155,16328
3,32743300000,19692,18586,10684,11418600000,31635400000
3,1216,-257,-250,-526,606,1139
3,74312,2077,3118,1774,12381,34356
3,28902,59,152,159,21246,35359
3,84079,1060,1186,1445,17842,39111
3,4909,904,1711,1254,10207,18648
3,8587,72,115,52,2911,5148
3,38102,2326,2541,1784,12307,25274
3,706,330,334,304,10177,13816
3,29806,24917,21162,21215,10626600000,67423600000
3,14192,1240,1270,830,7081,12016
3,2373700000,2913,1437,1827,29944,92382
3,11612700000,97,280,341,6220,19490
3,1387,-332,-311,-204,3834,4154
3,13816700000,3602,3935,2181,61812,10326700000
3,25444800000,2717,7222,6297,55342,34268700000
3,24140,1282,1417,957,11836,14838
3,12791500000,848,1888,1553,33139,60756
3,13657,77,87,-56,7335,16956
3,24605,-25,35,50,4822,9951
3,25287,592,662,414,16425,19151
3,18397,159,992,505,10216,17640
3,15003,78,56,-171,5457,14154
3,66969,13526,14755,9809,66927,83183
3,23137,748,759,503,10738,19638
3,5370,96,117,95,2494,4575
3,2792,2036,2086,2103,16246,18784
3,9957,175,255,171,1528,5952
3,45482,10428,10876,7803,46569,67740
3,9706,133,64,-57,728,5905
3,3262,174,104,50,3242,9710
3,3495,-157,-125,-312,2358,3020
3,28732,249,125,-34,9331,15634
3,14785,305,275,-130,4904,14001
3,20720,-226,-69,226,21894,27104
3,27844,995,1162,1060,14266,17178
3,4626,21,82,-24,3226,6967
3,23461800000,2751,2673,933,41218,14860600000
3,10162,1114,1189,979,13247,18007
3,25260,-374,-171,-2137,813,7999
3,548,75,85,206,4385,4907
3,28009,-1238,-1147,-2831,10414,18950
3,13147600000,7879,9503,6448,37256,62081
3,54252,3802,4149,2872,24154,46048
3,6790,776,780,678,2826,3439
3,57340,2793,2945,2004,17798,43491
3,41862,4729,4697,3081,24972,30775
3,121,-925,-925,-1000,864,1386
3,87787,948,2708,2283,12232,54049
3,9293,-963,-837,-836,5311,8246
3,3880,500,656,800,28338,89759
3,33288,1897,2263,1328,20819,29876
3,13912,228,196,96,5125,11036
3,14686,66,225,24,2316,10773
3,9116,150,207,-221,4474,7568
3,22994,1972,2978,2237,21367,30140
3,44773,4357,4576,2774,30243,41979
3,9321,1063,1228,815,11318,15210
3,31209,2073,2299,1540,12866,18022
3,43938,2360,2334,1564,16754,32616
3,43519,14189,14838,11627,1542400000,22252500000
3,15044,750,718,460,5694,11855
3,36210,682,793,542,6742,24450
3,8147,633,669,424,3133,4163
3,12828,846,817,505,2261,4592
2,20540400000,22529,30092,24244,18135900000,2899100000
2,41659,211,808,666,24554,53009
2,22749,628,945,453,30059,35576
2,13310,1019,1172,1343,14638,19292
2,1069,-783,-684,82,1227,3345
2,8064,935,1044,699,11133,13948
2,23602,990,1643,1278,18737,29265
2,26384,6597,6917,4804,60066,63459
2,64768,14083,15328,10963,23785,72667
2,36944,2050,4549,3388,36276,57175
2,437,85,73,131,531,1757
2,41593,1505,2072,1647,24009,51410
2,46792,2938,3589,2652,28554,51523
2,5233,1769,1986,1501,7009,9224
2,15563,1196,1210,873,8792,18980
2,10298,230,358,254,11363,17641
2,84655,13173,14895,11110,80992,12578400000
2,5095300000,29443,46335,51616,35632300000,79599100000
2,45976,2572,5988,-1399,52039,12173800000
2,37681200000,-6495,43984,30223,47141100000,74579300000
2,27039,3826,4432,3266,37894,47891
2,75034,7373,7538,5572,95347,11551900000
2,55261,3367,5600,4443,40451,53035
2,6028,232,227,267,2375,6892
2,46115,11001,10860,7920,44148,60889
2,2958,811,811,564,1740,3375
2,18501,642,1638,1365,25778,30908
2,153927000000,4492,10200000,90169,13587000000,292831000000
2,88934100000,-21070,1399,50958,47823300000,96345500000
2,353,61,66,172,5166,5625
2,10005500000,490,10818,4876,14419100000,22130200000
2,24534,348,404,322,13328,18571
2,10898,-247,499,-169,22255,29501
2,2357,-349,-339,-333,7918,8751
2,8406,1249,1245,851,5767,10970
2,275,-781,-787,-783,1366,1477
2,428,-991,-1166,-2457,1491,3982
2,55814,4532,4554,3217,43811,75749
2,4145,150,131,60,1839,2750
2,8294,272,244,137,2855,7733
2,3484,70,67,23,2609,5317
2,28211,1306,1542,1103,11365,23141
2,5258,-3115,-3143,-48,2774,22050
2,810,190,220,181,4172,5025
2,55765,-2083,-1986,-3928,39157,61042
2,21163,4314,4312,2573,13780,29510
2,19359,899,640,-1499,2900,12918
2,25604,20616,21341,21181,25412800000,41154500000
2,3404,620,623,430,3312,3738
2,961,40,32,32,605,1449
2,11608,-246,-262,-160,4224,11228
2,74284,11744,15738,11941,56068,91342
2,2965,356,376,249,4451,5459
2,17016,-3,68,19,2272,8835
2,2799,-70,-60,-81,3168,4022
2,1162,92,105,85,2326,3055
2,8826,89,245,168,12080,16056
2,2103,-194,-155,-566,1713,2948
2,17959100000,9,5887,4898,16376900000,20725700000
2,7796,233,268,267,2662,5034
2,8518,6545,6719,6175,66170,77259
2,4139,436,424,288,2083,2456
2,22964,-198,-149,-585,4129,38451
2,38382,1632,1891,1331,28012,44714
2,20840,1067,1065,574,12958,30687
2,13980,642,933,620,23796,30677
2,38432,3570,3591,2562,27632,50358
2,7893,224,291,201,6338,8760
2,2356,88,101,86,1185,1859
2,20547,838,1026,778,27413,35967
2,8142,-81,58,45,1573,6227
2,14982,1745,1361,745,17014,18911
2,22960,813,1498,1113,17574,33559
2,9655,244,257,421,9014,14042
2,22754,2086,2364,1669,20590,25895
2,15489,787,863,588,6130,12224
2,46039,503,451,1119,6194,36533
2,14633,378,363,234,6285,11871
2,11366,319,339,245,5033,12937
2,52797,1038,687,570,34450,67052
2,2451,76,81,51,3174,3829
2,2835,-71,-44,-49,3291,4533
2,2176,251,294,197,7862,8745
2,12200,99,228,344,19040,24515
2,84188200000,13813,40090,40257,9468500000,16289000000
2,98269100000,-2573,18441,-51196,66987300000,142626000000
2,43745,284,739,475,79928,11289800000
2,88228,604,2419,1861,56076,11939700000
2,10822900000,-1079,437,-1259,79224,14997500000
2,13734,95,183,339,16031,25734
2,71547,6538,6876,4572,56493,84561
3,1034,-281,-272,-1961,3700,12583
2,14740,-2,25,-25,3950,11759
2,16810,1728,1838,1240,14910,20544
2,11643,327,349,264,9669,19097
2,20426,695,931,618,36850,43204
2,8224,-417,401,-197,4804,14114
2,28319,-11,375,310,24791,55006
2,17515,913,981,399,68808,70669
2,29580,568,731,425,14939,27468
2,5897,310,319,201,2238,5955
2,60230,1672,3393,2988,51633,87328
2,32518,1485,1529,-870,21705,33003
2,4456,93,130,149,2324,4176
2,14547200000,9078,11614,8391,91036,22665200000
2,34635,3047,3070,2048,32247,39300
2,23241600000,19518,38214,32817,26787300000,35888700000
2,51524,763,1715,740,14118,38273
2,20228,304,321,193,9540,17851
2,98015,-765,-511,-704,48731,77530
2,23826,-505,1289,990,57961,63495
2,11882,779,874,580,7108,10407
2,25489,1101,1284,-465,18634,21820
2,16863300000,9347,18921,15338,16450600000,24969600000
2,59795,3544,5207,4272,49224,74355
2,53911,962,1372,862,27170,63869
2,83269,208,-219,-4150,37522,78807
2,100251000000,22225300000,2365100000,16361900000,95563800000,11898000000
2,10037,656,709,471,9287,13391
2,47756,4660,5876,3987,67836,92796
2,16267,467,893,757,21285,25560
2,10747,92,90,46,4735,11772
2,16645600000,10270,15410,15798,20872700000,28897900000
2,8087,130,121,48,2191,6921
2,5473,408,440,311,3109,4952
2,32323,3126,3465,2351,30120,40836
2,44172,245,1186,2324,18483,55528
2,22344700000,11028,12874,9851,11848400000,20757200000
2,34085,476,3428,2570,26439,39760
2,1057,151,177,200,17147,17567
3,498305000000,22157,30706500000,28647900000,108107000000,308649000000
3,550031000000,-41922,14124800000,11930200000,67763800000,339281000000
3,34519,1712,1495,382,19478,34904
3,95340,1605,1968,1145,29948,51045
3,66194,1111,1652,1375,14440,37363
3,15044,14522,14517,14401,24630,41974
2,14297,298,394,302,8287,12753
3,1691900000,5140,6125,4452,45895,77464
3,353567000000,-7986,86235,58684,55945300000,218698000000
2,10786,6229,5724,9426,14272800000,20435800000
3,6457,562,1485,1128,35100,44913
3,40839300000,697,9703,7189,93925,27975100000
3,33205,890,939,2816,6431,22928
3,1587,213,233,-545,10852,25753
3,24515,20387,21225,59681,55812600000,79563500000
3,10774800000,-257,69,286,16147,30839
3,383768000000,-1.5092200000,21274200000,21997700000,20506000000,63509000000
3,32169300000,2289,4043,2500,68376,24143900000
2,115848000000,14626900000,35269300000,3127500000,54038400000,97811300000
3,47555300000,42117,57540,46175,33787200000,52848500000
3,30996400000,5790,6954,3542,72105,13258800000
3,87518,563,984,902,8162,17346
3,68621,4,91,73,5945,16626
3,2222,1103,1132,1080,16850,35754
3,10286700000,282,342,199,8918,21839
2,11301,2025,2691,3719,55029,1766400000
3,47260700000,13951,16484,11958,78252,22049500000
3,10085500000,4370,5285,3827,21250,74163
3,235364000000,-24878,26320800000,25736100000,12511000000,430741000000
3,96077,700,1628,1211,22504,67400
3,13464700000,4630,5011,2489,33721,91755
3,47322900000,15669,18987,13287,29742600000,48937100000
3,14052800000,1373,1621,1311,23366,73759
3,193900000,2673,3146,2386,38807,11777400000
3,35337200000,10376,12225,8342,97595,17783100000
3,85016,1077,1241,827,57601,70111
3,12554900000,2292,2573,1745,24013,74699
3,31509,531,749,497,11350,17942
3,8348,103,125,84,1493,6184
3,40325800000,8294,10479,7573,64869,22094900000
3,77392500000,4336,4552,2179,37696,22280900000
3,12412700000,1803,1921,1469,22125,61178
3,166977000000,22228,20411,11681,18005600000,82365200000
3,11420200000,3821,4067,2873,39202,80694
3,2134400000,5060,5198,3599,59639,12079300000
3,83887,2008,2099,1505,11829,40618
2,31060300000,12708,17399,12231,17101400000,65474300000
3,33873,1928,2167,1469,24028,33731
3,50877300000,7812,13813,10626,11001300000,32307900000
3,2787,501,675,803,51794,12930600000
3,95110,1495,1820,1453,8576,47320
3,83055,1045,1186,-942,10198,45889
3,41776,142,1417,1268,15852,44532
3,28242700000,5554,7562,5925,77507,14060800000
3,30535900000,5387,9395,10699,11956500000,23966500000
3,73588,631,941,661,12644,39518
3,10594100000,1036,1675,1173,18519,45947
3,69480,7,346,334,6988,29197
3,5408,-475,-454,-491,4116,5432
2,4059,-587,-601,-640,1075,2115
3,39039800000,1064,1779,3088,42647,16206500000
2,72845,9882,11341,7915,24670,58717
2,35572100000,26906,40217,35119,3160400000,44384200000
2,10990,1754,5529,955,18501,29340
3,19779,4217,4400,3043,21916,26209
3,23722,-250,349,-127,9260,19477
3,59507,5563,5873,4019,91477,12050900000
3,13970,8672,10190,10238,13991600000,19567600000
3,11794500000,6099,6794,4596,10011800000,15361500000
3,2757,604,985,728,21938,32479
3,94140400000,2332,8869,7918,90583,24058700000
3,40478,175,372,430,10474,23678
3,40808,2342,4784,3587,25786,54921
3,11599300000,1937,2218,1609,24677,60960
3,22839,311,311,307,9576,17124
3,10730,9,63,-482,11856,20965
3,15897100000,961,1070,-50,65348,10863600000
3,83110,113,761,431,19438,69577
2,7064,-289,-303,-945,4390,6495
3,21094,-40,635,478,22769,26309
3,40956,148,274,26,12811,15450
3,20471,680,963,669,7040,14196
3,87865,447,977,953,32012,57494
3,20818,391,446,343,11033,18832
3,48312,812,904,-983,41572,54922
3,73906,-323,4820,4620,43348,96087
2,95163,5645,5476,3806,60665,97390
3,10193200000,1369,1671,1069,23931,62557
3,13661300000,5332,5626,4075,52845,97926
3,45086,2573,2564,1659,29803,39444
3,18193,681,637,186,13799,25416
3,63972,-382,247,7448,39348,59727
3,24997,-1623,-1385,-2013,5441,11951
3,11483800000,-1560,-753,342,41881,81142
3,17738600000,3389,3501,1569,19690,47004
3,91859,5125,5218,3266,47017,11590600000
3,6954,17,28,28,10283,12606
3,19995600000,895,1201,-2738,41781,79769
3,14638700000,8994,9143,6049,18869800000,23730500000
3,90522,2776,3552,3595,65558,97389
3,96092,602,734,389,14360,34998
3,69807500000,12292,12850,7423,76646,25349700000
3,22169700000,5480,5395,2606,50003,72812
3,21380,1000,2156,1010,17144,29201
3,57333,-854,-2656,-6925,39876,51477
3,1500,1320,1252,2141,2814,6111
3,15271,223,245,23,5245,9073
3,6875,-209,-203,-454,1594,4981
3,5660,885,7063,6547,11644700000,15717400000
3,290,-49,18,-12,3151,4108
3,26108100000,2734,2962,353,75345,13352800000
3,33297200000,12653,13704,8227,14575100000,29994200000
3,18457300000,12653,12578,3831,21075600000,32071500000
3,9707,270,274,188,1964,5314
3,6882,63,75,70,4185,6268
3,53983400000,26153,26322,16289,36136400000,39904400000
3,18600600000,1301,1811,903,20117,48830
3,19010,314,236,134,10282,15966
3,72919800000,8541,21097,10441,27831400000,82878400000
3,83811,2081,1967,1542,20247,57327
3,26153600000,5127,4520,4290,33428,12107400000
3,43146,401,234,-4784,1244,24277
3,51499,548,1805,1629,31028,45262
3,56940,7947,9868,4117,12728800000,29220300000
3,25901800000,33543,39634,25875,40753300000,310728000000
3,19372,-37,-162,-144,1239,11022
3,2720,1905,1913,1821,26353,32272
3,9084,-223,-267,-653,1391,4258
3,20252,279,343,251,1912,11048
3,57815,1065,-1040,-2950,6434,49366
3,56424,37899,17643,17668,67087100000,146862000000
3,68699100000,29141,29177,20466,16610500000,4143500000
3,37475500000,10553,11972,8921,13496300000,25670300000
3,303100000,5723,6427,5567,74991,14488100000
3,38099200000,16059,15984,11139,93640,21079900000
3,10668,5478,6212,2275,10484800000,11225700000
3,57572800000,15316,21153,14859,17988400000,27462500000
3,101525000000,25399,28528,19767,19723700000,39360300000
3,32709,399,1150,885,24950,48269
3,27479200000,2856,3151,1085,50061,94373
3,7408,1602,1532,1721,26013,56179
3,4112,1321,2963,2791,11502700000,212900000
3,14375,798,796,523,6573,12484
3,22746,14584,14155,14219,53088800000,68375500000
3,44402800000,38830,44350,29802,30184200000,257441000000
3,424,-162,-132,-221,2638,2818
3,27330,7949,2040,5457,35844600000,78050800000
3,20971,2812,3654,2677,13066200000,437947000000
3,70991,468,1519,5208,91200,5564500000
3,2271,344,244,588,6610,16945
3,30368100000,16623,16985,11833,17273800000,103648000000
3,24703,14552,14170,13740,21990300000,37397200000
3,20363600000,33635,37472,29927,31079200000,107052000000
3,12704700000,13518,13573,8848,15137400000,37851000000
3,58520500000,14095100000,15546700000,12895800000,11715000000,475431000000
3,47408100000,27460,50791,46279,49732400000,423681000000
3,39537,907,951,619,8010,13128900000
3,23268,3089,3223,2028,27894,1348200000
3,2200,1697,1699,1667,91743,91815
3,10522100000,71084,77102,86505,91694300000,243472000000
3,10583,7131,7635,4455,75635,91888
3,15648,21,526,496,41549,80975
3,10396,-1711,-931,-2223,38265,67532
3,15737,7252,9414,8611,10615100000,2103800000
3,639,-371,-205,-149,16758,20026
3,11533,-608,-142,184,38070,63345
3,17790,753,1892,1725,32670,45598
3,27313,13451,13592,9562,96579,69599300000
3,12391,529,743,882,23970,38820
3,48932,43082,44486,46805,11803500000,24688300000
3,8018,4837,4967,5100,77020,10532500000
3,795,514,952,673,26517,27009
3,2898,504,548,406,7064,8722
3,21202,5881,5936,4295,42151,100992000000
3,354,110,104,86,5836,6653
3,6232,1199,1442,1438,42047,64095
3,1760,1639,1897,1878,36738,38832
3,11484,-2145,-1285,425,53047,85246
3,3157,356,353,243,10856,10275400000
3,4726,2877,3018,2960,61893,75055
3,6334,5223,5262,5365,19163900000,19401200000
3,1374,167,123,90,16658,17654
3,771,332,339,393,5108,5391
3,2489,-99,3087,1668,14987,22638
3,323,-114,-74,-68,7447,7798
3,3538,66,108,72,5134,18373
3,5770,687,743,569,9414,50551
3,15781600000,14753200000,14568300000,14449400000,125733000000,17082000000
3,29983700000,28226400000,28196700000,27837400000,240337000000,240907000000
3,4911,922,921,610,2863,4990
3,5917,2213,2436,1654,9939,15522
3,6002,4266,4269,2763,35165,71475
3,34321,7919,7715,5857,10378600000,32915100000
3,28561,9133,9554,6885,15144600000,35676300000
3,14548,5279,5153,3992,63901,1324100000
3,24371,492,440,338,10857,32011
3,141,-101,-105,-107,1986,2332
3,12810,5348,5585,3904,82397,10356600000
3,91425,5018,4521,3682,27557,12292200000
3,47783400000,5561,6817,-68754,76644,260700000
3,6630,-80,-63,-73,5026,11150
3,10081300000,5663,5348,3573,33319,13416400000
3,20946,2960,2596,1721,51408,88868
3,44899,2424,2178,1974,21616,67367
3,26977,7206,6943,4803,11260900000,17949600000
3,50188,5916,6160,3832,37889,60081
3,26431,1793,1791,1325,31968,51367
3,11525,2112,1900,1304,4291,21269
3,32434,772,553,416,4970,24805
3,6123,530,1016,1090,11843,16811
3,57053,11099,11054,14403,43922,75636
3,7114,686,679,567,2967,7449
3,70096,12654,11601,8060,33408,13063100000
3,13122,1591,1388,1167,5322,18882
3,4151,1207,1278,815,6044,6946
3,11394,421,229,190,3803,18243
3,30064,1088,2052,1661,22001,35258
3,14076,1306,1245,821,7147,21146
3,4469,3718,3667,3605,11571,13009
3,29333,3030,3000,-1753,16419,43020
3,1086,-204,-377,-239,2407,6766
3,21745,5855,6054,3704,27411,50918
3,21686,8704,8549,7027,1102900000,17989800000
3,4417,-253,-727,-5235,2719,22071
3,7967,288,189,47,2025,7260
3,66418,5145,4900,2991,21967,73849
3,15382,939,1153,1532,5907,13786
3,39287,3445,2687,1843,22558,86292
3,48722,13183,12846,8806,55683,10454800000
3,72738,8488,8931,5904,41623,64001
3,35498,1558,1454,962,9978,35723
3,1502,-92,-116,-281,1596,3409
3,2980,147,169,118,3156,4333
3,5452,123,196,83,2117,7938
3,21321,1799,2856,2068,17927,29325
3,23190700000,51547,45684,30850,38345200000,155958000000
3,21686,16035,16388,16158,14219900000,47814400000
3,28453100000,54538,54478,38292,5553100000,187721000000
3,15412600000,28541,26392,16381,15650300000,77998300000
3,17390100000,41397,38962,25983,32404600000,113026000000
3,12880100000,24588,26606,19681,23432600000,73418700000
3,85374,19685,24120,17929,18386200000,53924400000
3,29874,3951,3811,944,18392,86532
3,15699,3027,3255,2294,38454,94049
3,10848,1559,1175,704,16298,53591
3,211336000000,39187700000,35485200000,25116500000,25137000000,768857000000
3,98090600000,15072700000,13648900000,80613,79977900000,278235000000
3,146489000000,66774500000,59010500000,41404500000,33155000000,909212000000
3,18908,9808,11003,9755,35831500000,115857000000
3,20800400000,6406,7725,5636,78666,17560700000
3,2219,519,526,489,7482,16750
3,56266,3132,1809,331,20713,33970
3,20597,715,870,564,7839,13909
3,16657200000,11777,15455,2393,13060300000,5452800000
3,21957,46,45,685,34525,78584
3,31118,2861,2864,1638,29753,12063100000
3,12401,706,758,523,17913,21681
3,85618,10233,10475,6940,56027,81886
3,8386,194,228,153,6080,9454
3,23313,15488,17176,16971,24403600000,142646000000
3,45207,38806,40820,40755,51267400000,127879000000
3,10002600000,14255,15498,13602,18813200000,82695700000
3,30464,16167,16740,14301,14315600000,53135100000
3,12643,1919,1577,996,18211,91420
3,10981500000,22950,27815,21530,29103600000,79571300000
3,2860,354,315,302,4159,13583
3,7713,150,458,-412,3085,13709
3,51431,2718,3405,2503,35008,48793
3,25283,1394,1361,854,12242,23182
3,3474,825,777,654,13111,24651
3,115478000000,42366,53670,36512,3547900000,97439800000
3,37730,1289,1695,1122,13369,38125
3,40810200000,24957,26465,19528,13211500000,3261100000
3,99483,2381,3356,2540,38490,83731
3,45645,569,772,888,17155,34959
3,92502,5955,6953,5125,76910,11387400000
3,9305,4330,4705,3686,76903,21090400000
3,3009,2091,2338,2177,36830,68670
3,10413,9030,9444,9075,11083800000,1858700000
3,6169,90,106,80,2687,6377
3,29200,417,983,696,14683,22231
3,24664700000,14861,16569,11773,21618700000,38941800000
3,11013,9545,10117,10233,2590300000,34666400000
3,59581,2004,2653,1990,24272,76345
3,804,495,550,312,11019,16880
3,2309,211,177,153,7608,17148
3,21134,1510,1601,1338,27656,42634
3,6890,139,170,142,5552,9983
3,59184,3476,4771,3451,18682,36455
3,70307800000,-23256,7663,-24501,20929800000,136513000000
3,76016600000,12055,36260,36946,19960600000,103134000000
3,58640800000,-33800,-14633,-71056,17433,56595200000
3,12797100000,5657,8400,8666,70043,11061900000
3,10969,671,1014,689,6515,22285
3,72753,1558,4586,4541,60684,15182500000
3,5282,-10,50,203,2786,4805
3,13332,363,1171,267,9047,28269
3,22191700000,45728,53782,44254,3587200000,63293500000
3,17969,649,739,510,8887,22715
3,43446,1958,2051,1362,23880,45771
3,8176,689,975,807,17372,20997
3,25510900000,91462,86613,80038,87998900000,19665000000
3,39937,1264,1250,513,8537,28087
3,44093,2212,2441,1021,10852,60185
3,3215,1392,1400,1381,12900,35987
3,7800,885,1002,635,3674,4853
3,3465,97,138,125,1450,4165
3,7078,289,286,122,1216,3363
3,244,8,31,6,21918,23101
3,1191,125,161,1226,7557,15248
3,3033,-116,-108,-191,972,2041
3,1435,123,121,82,667,1130
3,31348300000,2090,2284,2339,47714,16399400000
3,29700,1625,1505,1802,3556,14182
3,1137,618,624,626,32653,32739
3,15743200000,9016,14619,10125,274400000,43346200000
3,56100,3436,3605,2111,40854,89709
3,47672,2569,2691,1555,35093,73213
3,22281,930,1346,945,16331,37303
3,6574,822,915,879,10551,21529
3,21409,-24,-223,448,21179,38628
3,87452,2396,3370,2063,42302,97702
3,22874,728,981,718,12994,40968
3,152,-324,-343,-478,3330,4475
3,26271,1418,1615,748,37120,45271
3,36186,2929,3972,2608,64866,11717300000
3,8448,187,209,133,1168,2337
3,28896,1439,1764,1178,20132,37865
3,4241,35,102,135,3883,6241
3,12999,458,460,309,15455,35904
3,58246,3930,4791,3367,64795,80148
3,39907,1646,1872,1176,22584,33950
3,44690,2590,2800,1292,30725,41284
3,7829,411,382,256,6279,11457
3,14318,427,472,281,2571,9871
3,7365,10,119,-20,2483,4624
3,24887900000,22255,24259,17318,32631300000,38265500000
3,14970,102,182,152,2483,8983
3,21191,715,746,425,5296,11316
3,42419,1477,1890,1246,25367,45914
3,11619700000,2949,11204,11383,84547,23875600000
3,34863,494,614,178,13491,30627
3,22151,916,993,669,4337,6154
3,10665,758,1012,712,5893,7180
2,274302000000,10555600000,89033,66024,148001000000,540286000000
2,279719000000,13398800000,13051300000,87435,97509700000,640457000000
2,12805000000,11284,6908,8510,40373500000,308512000000
2,57557600000,4522,2447,2411,28024300000,15089000000
2,202556000000,60284,46821,40320,65417800000,392354000000
2,65407600000,14401,15708,11402,28366100000,12729000000
2,186715000000,60656,32534,23425,49579900000,427884000000
2,72127800000,37048,26285,20233,18510100000,18868000000
2,1959600000,3507,3694,3034,13522800000,36874600000
2,64695800000,18678,54405,52784,62227700000,221182000000
2,58300,2270,2285,1619,16528,37875
2,176857000000,48920,62910,53717,89121200000,207886000000
2,110454000000,27946,40553,25139,76501300000,153873000000
2,36501500000,11538,17278,12950,27730800000,4678100000
2,10469600000,2932,2891,2980,37501,13346300000
2,62362,-54,1736,1704,33541,84878
2,12771100000,4167,5975,3040,58468,20047500000
2,43193,950,1192,861,37849,48758
2,92383,5117,5538,3840,56247,11351500000
3,31392,766,780,528,9545,30875
3,141500000,13561,13795,9490,75976,18572600000
3,4009,2115,2233,2985,18226,88963
3,41068,3619,3942,2629,30583,48687
3,11975,474,485,308,5102,7825
3,5092,2017,1966,1701,25600,28465
3,31273,1770,1715,675,27978,45773
3,16173,2173,2228,1509,18351,21402
3,12259,402,434,445,12841,22393
3,1284,123,132,60,3565,6119
3,3618,196,203,117,2012,6170
3,7543,664,614,353,9657,29567
3,41353,5889,5922,3732,31768,59545
3,9046,970,1003,694,10715,12769
3,2015,361,404,263,10022,24469
3,28101,3924,4088,2666,42944,46970
3,5052,528,513,452,4938,7605
3,21113,3018,3320,2213,29146,67993
3,21707,7500,7530,4937,58591,83723
3,803,24,11,-195,421,1003
3,25207,117,-54,-612,12772,48493
3,64490,11002,9952,6420,98125,30439200000
3,16952,636,972,614,19814,28753
3,2938,-424,-555,-1010,94,7152
3,12051,804,849,319,4022,11129
3,7062,-2826,-2835,2023,9442,28327
3,321,-113,-114,-225,9867,11510
3,18812100000,6880,7517,5460,10538400000,24645200000
3,57973,4911,5160,3576,58521,78940
3,23209,1933,1791,2786,18782,57843
3,21022400000,4415,6748,-1293,59188,10373400000
3,98074,7530,8089,6224,37736,84910
3,48443,1,673,225,24590,10094800000
3,10573,563,391,174,2442,17729
3,11093,661,779,545,18564,10090500000
3,57611,3556,5374,4023,34861,48393
3,46228,2917,4784,3663,40823,57515
3,28001,1104,1241,487,13882,56758
3,3427,137,155,182,3459,6830
3,39418100000,76833,88972,74016,78580100000,92147200000
3,51193,2618,2943,1868,19800,40399
3,78916,4619,4917,4107,25452,45832
3,14515,253,229,114,13868,32234
3,20105,764,1175,895,11075,30035
3,14908,1047,1110,1692,8031,12010
3,6416,129,145,97,2078,6180
3,18956,1881,1986,1404,16854,25389
3,9481,1208,1239,809,4100,7835
3,15995,758,757,486,7751,9940
3,26775,1362,1383,950,11428,16559
3,13958,6953,7533,5763,16373300000,21266500000
3,31130,2308,3272,1169,22235,37825
3,2465600000,8687,7084,503,41898,14492200000
3,32127,8294,8442,5982,59852,67693
3,15623,1167,1191,211,5478,12374
3,1595,-45,-146,-112,2450,18995
3,183,-44,262,187,1992,3057
3,16452,794,867,584,11179,14899
3,2150,254,270,180,2676,3116
3,36356,660,604,387,6489,19413
3,37859,2093,2112,1711,7960,20449
3,15857,235,212,101,3228,11141
3,43512,15,-32,-8,10630,35736
3,77297,5770,6699,4510,59618,70189
3,87071,57370,65032,56788,41695500000,44182700000
3,26863,1537,1953,1431,15381,27732
3,67784,1941,2207,1253,18661,46547
3,15462,85,102,126,3415,9502
3,1935,196,363,158,13439,24656
3,7812,442,489,120,5678,6670
3,15891,216,305,165,14159,16551
3,2908,1367,1458,1288,24426,36934
3,35203,1415,1500,1018,9832,23850
3,59518,131,376,-908,47277,94680
3,20772,726,712,447,6488,14011
3,3113,483,816,666,18798,20668
3,19116,-1361,-1124,-1652,9789,15430
3,7516,-107,-147,-186,805,3176
3,14630,531,1620,1244,18140,25436
3,96834,8070,9033,5928,73808,97009
3,16510,363,373,223,19483,22221
3,47720,1074,1283,952,11129,33329
3,64297,683,794,264,13581,29441
3,7766,-53,-8,-74,7050,10449
3,5229,1025,862,555,25721,62914
3,21150,1793,1837,1122,7429,11467
3,10469,294,325,-195,13389,16778
3,12080900000,6436,6622,4446,74999,10359900000
3,33561,1320,1175,680,6856,25865
3,8373,589,567,538,5346,8288
3,60467,1890,2379,1600,18999,38866
3,88242,2493,2815,1892,15734,49974
3,11141,297,300,183,2422,6434
3,25738,-124,756,-818,4162,18414
3,7157,80,136,101,2955,5035
3,11953800000,1560,2339,1477,31359,55681
3,18014,221,320,214,8258,16896
3,17155,322,382,170,8854,17009
3,39110,2432,2785,1866,29697,34711
3,81416,6949,7335,4213,46872,63932
3,34653,629,739,-4460,9712,34288
3,14284300000,100,-293,-3476,59941,84389
3,5899,2586,2987,3444,69079,10230100000
3,7316,266,382,193,4159,5147
3,631,230,335,324,3466,7264
3,26248,4542,4653,4379,64472,70070
3,88742,3556,4056,3496,28653,71979
3,36956,375,489,332,6857,16750
3,7092,-99,-97,-379,288,5989
3,2429,94,-184,-101,-139,832
3,22606200000,9228,9837,6222,59610,11398100000
3,30784,340,414,-1632,9599,17748
3,10621400000,1661,1739,987,19486,28867
3,51235,536,660,100,20948,39089
3,8460,-172,-279,-1755,13948,14667
3,18493500000,1190900000,10666600000,1067800000,52237200000,105902000000
3,191977000000,16989,24513,24654,2961200000,108023000000
3,39909200000,26957,27361,18534,13666600000,20249200000
3,87989,147,187,-238,26396,41790
3,71528,3221,3616,2460,28531,43669
3,61567,0,2528,2400,19955,27612
3,10794900000,7181,10218,7167,74764,18738200000
